--
-- PostgreSQL database dump
--

-- Dumped from database version 17.6 (Homebrew)
-- Dumped by pg_dump version 17.5

-- Started on 2025-11-02 00:26:26 +06

SET statement_timeout = 0;
SET lock_timeout = 0;
SET idle_in_transaction_session_timeout = 0;
SET transaction_timeout = 0;
SET client_encoding = 'UTF8';
SET standard_conforming_strings = on;
SELECT pg_catalog.set_config('search_path', '', false);
SET check_function_bodies = false;
SET xmloption = content;
SET client_min_messages = warning;
SET row_security = off;

--
-- TOC entry 6 (class 2615 OID 2200)
-- Name: public; Type: SCHEMA; Schema: -; Owner: sagarroy
--

-- *not* creating schema, since initdb creates it


ALTER SCHEMA public OWNER TO sagarroy;

--
-- TOC entry 2 (class 3079 OID 16629)
-- Name: uuid-ossp; Type: EXTENSION; Schema: -; Owner: -
--

CREATE EXTENSION IF NOT EXISTS "uuid-ossp" WITH SCHEMA public;


--
-- TOC entry 4498 (class 0 OID 0)
-- Dependencies: 2
-- Name: EXTENSION "uuid-ossp"; Type: COMMENT; Schema: -; Owner: 
--

COMMENT ON EXTENSION "uuid-ossp" IS 'generate universally unique identifiers (UUIDs)';


--
-- TOC entry 987 (class 1247 OID 25444)
-- Name: document_type; Type: TYPE; Schema: public; Owner: sagarroy
--

CREATE TYPE public.document_type AS ENUM (
    'pay_stub',
    'bank_statement',
    'tax_return',
    'driver_license',
    'other'
);


ALTER TYPE public.document_type OWNER TO sagarroy;

--
-- TOC entry 307 (class 1255 OID 16389)
-- Name: update_updated_at_column(); Type: FUNCTION; Schema: public; Owner: sagarroy
--

CREATE FUNCTION public.update_updated_at_column() RETURNS trigger
    LANGUAGE plpgsql
    AS $$
BEGIN
    NEW.updated_at = CURRENT_TIMESTAMP;
    RETURN NEW;
END;
$$;


ALTER FUNCTION public.update_updated_at_column() OWNER TO sagarroy;

--
-- TOC entry 218 (class 1259 OID 16390)
-- Name: active_listings; Type: VIEW; Schema: public; Owner: sagarroy
--

CREATE VIEW public.active_listings AS
SELECT
    NULL::integer AS id,
    NULL::integer AS seller_id,
    NULL::character varying(255) AS street_address,
    NULL::character varying(100) AS city,
    NULL::character varying(2) AS state,
    NULL::character varying(10) AS zip_code,
    NULL::character varying(50) AS property_type,
    NULL::integer AS bedrooms,
    NULL::numeric(3,1) AS bathrooms,
    NULL::integer AS square_feet,
    NULL::numeric(10,2) AS lot_size,
    NULL::integer AS year_built,
    NULL::numeric(12,2) AS list_price,
    NULL::numeric(12,2) AS minimum_offer,
    NULL::numeric(10,2) AS property_tax_annual,
    NULL::numeric(8,2) AS hoa_fees_monthly,
    NULL::numeric(12,2) AS assessment_value,
    NULL::integer AS roof_year,
    NULL::character varying(100) AS roof_material,
    NULL::integer AS hvac_install_year,
    NULL::character varying(100) AS hvac_type,
    NULL::date AS hvac_last_service,
    NULL::integer AS water_heater_year,
    NULL::character varying(50) AS water_heater_type,
    NULL::boolean AS has_septic,
    NULL::character varying(100) AS septic_type,
    NULL::date AS septic_last_pumped,
    NULL::boolean AS has_solar,
    NULL::character varying(50) AS solar_type,
    NULL::integer AS solar_install_year,
    NULL::numeric(10,2) AS solar_monthly_savings,
    NULL::character varying(50) AS property_condition,
    NULL::text AS major_repairs_needed,
    NULL::text AS recent_renovations,
    NULL::integer AS electrical_panel_year,
    NULL::integer AS plumbing_updated_year,
    NULL::integer AS windows_replaced_year,
    NULL::integer AS garage_spaces,
    NULL::boolean AS has_pool,
    NULL::boolean AS has_fireplace,
    NULL::boolean AS has_deck,
    NULL::boolean AS has_basement,
    NULL::boolean AS basement_finished,
    NULL::boolean AS home_warranty_included,
    NULL::text AS warranties_transferable,
    NULL::text AS description,
    NULL::character varying(500) AS virtual_tour_url,
    NULL::boolean AS allow_messages,
    NULL::integer AS minimum_offer_percent,
    NULL::character varying(20) AS status,
    NULL::timestamp without time zone AS listed_date,
    NULL::timestamp without time zone AS sold_date,
    NULL::numeric(12,2) AS sold_price,
    NULL::integer AS view_count,
    NULL::integer AS save_count,
    NULL::timestamp without time zone AS created_at,
    NULL::timestamp without time zone AS updated_at,
    NULL::character varying(100) AS seller_first_name,
    NULL::character varying(100) AS seller_last_name,
    NULL::character varying(255) AS seller_email,
    NULL::character varying(20) AS seller_phone,
    NULL::bigint AS offer_count,
    NULL::numeric AS highest_offer;


ALTER VIEW public.active_listings OWNER TO sagarroy;

SET default_tablespace = '';

SET default_table_access_method = heap;

--
-- TOC entry 254 (class 1259 OID 25612)
-- Name: application_status_history; Type: TABLE; Schema: public; Owner: sagarroy
--

CREATE TABLE public.application_status_history (
    id integer NOT NULL,
    application_id integer,
    previous_status character varying(50),
    new_status character varying(50) NOT NULL,
    changed_by character varying(100),
    notes text,
    created_at timestamp without time zone DEFAULT CURRENT_TIMESTAMP
);


ALTER TABLE public.application_status_history OWNER TO sagarroy;

--
-- TOC entry 253 (class 1259 OID 25611)
-- Name: application_status_history_id_seq; Type: SEQUENCE; Schema: public; Owner: sagarroy
--

CREATE SEQUENCE public.application_status_history_id_seq
    AS integer
    START WITH 1
    INCREMENT BY 1
    NO MINVALUE
    NO MAXVALUE
    CACHE 1;


ALTER SEQUENCE public.application_status_history_id_seq OWNER TO sagarroy;

--
-- TOC entry 4499 (class 0 OID 0)
-- Dependencies: 253
-- Name: application_status_history_id_seq; Type: SEQUENCE OWNED BY; Schema: public; Owner: sagarroy
--

ALTER SEQUENCE public.application_status_history_id_seq OWNED BY public.application_status_history.id;


--
-- TOC entry 260 (class 1259 OID 25660)
-- Name: audit_logs; Type: TABLE; Schema: public; Owner: sagarroy
--

CREATE TABLE public.audit_logs (
    id integer NOT NULL,
    table_name character varying(100) NOT NULL,
    record_id integer NOT NULL,
    action character varying(50) NOT NULL,
    old_data jsonb,
    new_data jsonb,
    user_id integer,
    ip_address inet,
    user_agent text,
    created_at timestamp without time zone DEFAULT CURRENT_TIMESTAMP
);


ALTER TABLE public.audit_logs OWNER TO sagarroy;

--
-- TOC entry 259 (class 1259 OID 25659)
-- Name: audit_logs_id_seq; Type: SEQUENCE; Schema: public; Owner: sagarroy
--

CREATE SEQUENCE public.audit_logs_id_seq
    AS integer
    START WITH 1
    INCREMENT BY 1
    NO MINVALUE
    NO MAXVALUE
    CACHE 1;


ALTER SEQUENCE public.audit_logs_id_seq OWNER TO sagarroy;

--
-- TOC entry 4500 (class 0 OID 0)
-- Dependencies: 259
-- Name: audit_logs_id_seq; Type: SEQUENCE OWNED BY; Schema: public; Owner: sagarroy
--

ALTER SEQUENCE public.audit_logs_id_seq OWNED BY public.audit_logs.id;


--
-- TOC entry 266 (class 1259 OID 25702)
-- Name: buyer_ratings; Type: TABLE; Schema: public; Owner: sagarroy
--

CREATE TABLE public.buyer_ratings (
    id integer NOT NULL,
    user_id integer,
    overall_score numeric(5,2),
    grade character varying(2),
    credit_score integer,
    down_payment_percentage numeric(5,2),
    income_stability_score numeric(5,2),
    debt_to_income_ratio numeric(5,2),
    breakdown jsonb,
    improvement_tips text[],
    created_at timestamp without time zone DEFAULT now(),
    updated_at timestamp without time zone DEFAULT now(),
    CONSTRAINT buyer_ratings_grade_check CHECK (((grade)::text = ANY ((ARRAY['A+'::character varying, 'B+'::character varying, 'C'::character varying])::text[])))
);


ALTER TABLE public.buyer_ratings OWNER TO sagarroy;

--
-- TOC entry 265 (class 1259 OID 25701)
-- Name: buyer_ratings_id_seq; Type: SEQUENCE; Schema: public; Owner: sagarroy
--

CREATE SEQUENCE public.buyer_ratings_id_seq
    AS integer
    START WITH 1
    INCREMENT BY 1
    NO MINVALUE
    NO MAXVALUE
    CACHE 1;


ALTER SEQUENCE public.buyer_ratings_id_seq OWNER TO sagarroy;

--
-- TOC entry 4501 (class 0 OID 0)
-- Dependencies: 265
-- Name: buyer_ratings_id_seq; Type: SEQUENCE OWNED BY; Schema: public; Owner: sagarroy
--

ALTER SEQUENCE public.buyer_ratings_id_seq OWNED BY public.buyer_ratings.id;


--
-- TOC entry 272 (class 1259 OID 25824)
-- Name: contract_signatures; Type: TABLE; Schema: public; Owner: sagarroy
--

CREATE TABLE public.contract_signatures (
    id integer NOT NULL,
    contract_id integer NOT NULL,
    party character varying(20) NOT NULL,
    signed_by character varying(255) NOT NULL,
    signed_at timestamp without time zone DEFAULT CURRENT_TIMESTAMP,
    ip_address character varying(45),
    signature_data text,
    created_at timestamp without time zone DEFAULT CURRENT_TIMESTAMP
);


ALTER TABLE public.contract_signatures OWNER TO sagarroy;

--
-- TOC entry 271 (class 1259 OID 25823)
-- Name: contract_signatures_id_seq; Type: SEQUENCE; Schema: public; Owner: sagarroy
--

CREATE SEQUENCE public.contract_signatures_id_seq
    AS integer
    START WITH 1
    INCREMENT BY 1
    NO MINVALUE
    NO MAXVALUE
    CACHE 1;


ALTER SEQUENCE public.contract_signatures_id_seq OWNER TO sagarroy;

--
-- TOC entry 4502 (class 0 OID 0)
-- Dependencies: 271
-- Name: contract_signatures_id_seq; Type: SEQUENCE OWNED BY; Schema: public; Owner: sagarroy
--

ALTER SEQUENCE public.contract_signatures_id_seq OWNED BY public.contract_signatures.id;


--
-- TOC entry 270 (class 1259 OID 25799)
-- Name: contracts; Type: TABLE; Schema: public; Owner: sagarroy
--

CREATE TABLE public.contracts (
    id integer NOT NULL,
    transactions_id integer NOT NULL,
    contract_id character varying(50) NOT NULL,
    template_name character varying(100) NOT NULL,
    buyer_name character varying(255) NOT NULL,
    buyer_email character varying(255) NOT NULL,
    buyer_phone character varying(20),
    buyer_address text,
    seller_name character varying(255) NOT NULL,
    seller_email character varying(255) NOT NULL,
    seller_phone character varying(20),
    property_address text NOT NULL,
    property_legal_description text,
    property_apn character varying(50),
    purchase_price numeric(12,2) NOT NULL,
    earnest_money numeric(12,2) NOT NULL,
    down_payment numeric(12,2) NOT NULL,
    loan_amount numeric(12,2),
    financing_type character varying(50),
    closing_date date NOT NULL,
    contingencies jsonb DEFAULT '[]'::jsonb,
    inclusions jsonb DEFAULT '[]'::jsonb,
    exclusions jsonb DEFAULT '[]'::jsonb,
    special_provisions jsonb DEFAULT '[]'::jsonb,
    attorney_review_days integer DEFAULT 0,
    pdf_path text,
    status character varying(20) DEFAULT 'generated'::character varying,
    generated_at timestamp without time zone DEFAULT CURRENT_TIMESTAMP,
    attorney_review_deadline timestamp without time zone,
    created_at timestamp without time zone DEFAULT CURRENT_TIMESTAMP,
    updated_at timestamp without time zone DEFAULT CURRENT_TIMESTAMP
);


ALTER TABLE public.contracts OWNER TO sagarroy;

--
-- TOC entry 269 (class 1259 OID 25798)
-- Name: contracts_id_seq; Type: SEQUENCE; Schema: public; Owner: sagarroy
--

CREATE SEQUENCE public.contracts_id_seq
    AS integer
    START WITH 1
    INCREMENT BY 1
    NO MINVALUE
    NO MAXVALUE
    CACHE 1;


ALTER SEQUENCE public.contracts_id_seq OWNER TO sagarroy;

--
-- TOC entry 4503 (class 0 OID 0)
-- Dependencies: 269
-- Name: contracts_id_seq; Type: SEQUENCE OWNED BY; Schema: public; Owner: sagarroy
--

ALTER SEQUENCE public.contracts_id_seq OWNED BY public.contracts.id;


--
-- TOC entry 258 (class 1259 OID 25643)
-- Name: credit_check_requests; Type: TABLE; Schema: public; Owner: sagarroy
--

CREATE TABLE public.credit_check_requests (
    id integer NOT NULL,
    application_id integer,
    request_status character varying(50) DEFAULT 'pending'::character varying,
    credit_score integer,
    credit_report_data jsonb,
    requested_at timestamp without time zone DEFAULT CURRENT_TIMESTAMP,
    completed_at timestamp without time zone,
    created_at timestamp without time zone DEFAULT CURRENT_TIMESTAMP
);


ALTER TABLE public.credit_check_requests OWNER TO sagarroy;

--
-- TOC entry 257 (class 1259 OID 25642)
-- Name: credit_check_requests_id_seq; Type: SEQUENCE; Schema: public; Owner: sagarroy
--

CREATE SEQUENCE public.credit_check_requests_id_seq
    AS integer
    START WITH 1
    INCREMENT BY 1
    NO MINVALUE
    NO MAXVALUE
    CACHE 1;


ALTER SEQUENCE public.credit_check_requests_id_seq OWNER TO sagarroy;

--
-- TOC entry 4504 (class 0 OID 0)
-- Dependencies: 257
-- Name: credit_check_requests_id_seq; Type: SEQUENCE OWNED BY; Schema: public; Owner: sagarroy
--

ALTER SEQUENCE public.credit_check_requests_id_seq OWNED BY public.credit_check_requests.id;


--
-- TOC entry 262 (class 1259 OID 25672)
-- Name: credit_checks; Type: TABLE; Schema: public; Owner: sagarroy
--

CREATE TABLE public.credit_checks (
    id integer NOT NULL,
    user_id integer,
    ssn_hash character varying(255) NOT NULL,
    credit_rating character varying(50) NOT NULL,
    preliminary_approval numeric(12,2),
    created_at timestamp without time zone DEFAULT CURRENT_TIMESTAMP
);


ALTER TABLE public.credit_checks OWNER TO sagarroy;

--
-- TOC entry 261 (class 1259 OID 25671)
-- Name: credit_checks_id_seq; Type: SEQUENCE; Schema: public; Owner: sagarroy
--

CREATE SEQUENCE public.credit_checks_id_seq
    AS integer
    START WITH 1
    INCREMENT BY 1
    NO MINVALUE
    NO MAXVALUE
    CACHE 1;


ALTER SEQUENCE public.credit_checks_id_seq OWNER TO sagarroy;

--
-- TOC entry 4505 (class 0 OID 0)
-- Dependencies: 261
-- Name: credit_checks_id_seq; Type: SEQUENCE OWNED BY; Schema: public; Owner: sagarroy
--

ALTER SEQUENCE public.credit_checks_id_seq OWNED BY public.credit_checks.id;


--
-- TOC entry 235 (class 1259 OID 17025)
-- Name: documents; Type: TABLE; Schema: public; Owner: sagarroy
--

CREATE TABLE public.documents (
    id integer NOT NULL,
    transaction_id integer,
    step_id integer,
    milestone_id integer,
    document_name character varying(255),
    document_type character varying(100),
    file_url text,
    uploaded_by integer,
    uploaded_at timestamp without time zone DEFAULT CURRENT_TIMESTAMP,
    status character varying(50) DEFAULT 'pending_review'::character varying,
    created_at timestamp without time zone DEFAULT CURRENT_TIMESTAMP
);


ALTER TABLE public.documents OWNER TO sagarroy;

--
-- TOC entry 234 (class 1259 OID 17024)
-- Name: documents_id_seq; Type: SEQUENCE; Schema: public; Owner: sagarroy
--

CREATE SEQUENCE public.documents_id_seq
    AS integer
    START WITH 1
    INCREMENT BY 1
    NO MINVALUE
    NO MAXVALUE
    CACHE 1;


ALTER SEQUENCE public.documents_id_seq OWNER TO sagarroy;

--
-- TOC entry 4506 (class 0 OID 0)
-- Dependencies: 234
-- Name: documents_id_seq; Type: SEQUENCE OWNED BY; Schema: public; Owner: sagarroy
--

ALTER SEQUENCE public.documents_id_seq OWNED BY public.documents.id;


--
-- TOC entry 294 (class 1259 OID 26381)
-- Name: earnest_money_audit_logs; Type: TABLE; Schema: public; Owner: sagarroy
--

CREATE TABLE public.earnest_money_audit_logs (
    id integer NOT NULL,
    transaction_id integer NOT NULL,
    user_id integer NOT NULL,
    action character varying(100) NOT NULL,
    old_status character varying(50),
    new_status character varying(50),
    details jsonb,
    ip_address inet,
    user_agent text,
    created_at timestamp without time zone DEFAULT now()
);


ALTER TABLE public.earnest_money_audit_logs OWNER TO sagarroy;

--
-- TOC entry 293 (class 1259 OID 26380)
-- Name: earnest_money_audit_logs_id_seq; Type: SEQUENCE; Schema: public; Owner: sagarroy
--

CREATE SEQUENCE public.earnest_money_audit_logs_id_seq
    AS integer
    START WITH 1
    INCREMENT BY 1
    NO MINVALUE
    NO MAXVALUE
    CACHE 1;


ALTER SEQUENCE public.earnest_money_audit_logs_id_seq OWNER TO sagarroy;

--
-- TOC entry 4507 (class 0 OID 0)
-- Dependencies: 293
-- Name: earnest_money_audit_logs_id_seq; Type: SEQUENCE OWNED BY; Schema: public; Owner: sagarroy
--

ALTER SEQUENCE public.earnest_money_audit_logs_id_seq OWNED BY public.earnest_money_audit_logs.id;


--
-- TOC entry 292 (class 1259 OID 26349)
-- Name: earnest_money_escrows; Type: TABLE; Schema: public; Owner: sagarroy
--

CREATE TABLE public.earnest_money_escrows (
    id integer NOT NULL,
    transaction_id integer NOT NULL,
    buyer_id integer NOT NULL,
    escrow_holder_id integer,
    title_company_id integer NOT NULL,
    amount numeric(12,2) NOT NULL,
    percentage_of_purchase numeric(5,2),
    status character varying(50) DEFAULT 'pending'::character varying,
    received_date timestamp without time zone,
    release_date timestamp without time zone,
    release_reason character varying(255),
    held_until_date timestamp without time zone,
    notes text,
    created_at timestamp without time zone DEFAULT now(),
    updated_at timestamp without time zone DEFAULT now()
);


ALTER TABLE public.earnest_money_escrows OWNER TO sagarroy;

--
-- TOC entry 291 (class 1259 OID 26348)
-- Name: earnest_money_escrows_id_seq; Type: SEQUENCE; Schema: public; Owner: sagarroy
--

CREATE SEQUENCE public.earnest_money_escrows_id_seq
    AS integer
    START WITH 1
    INCREMENT BY 1
    NO MINVALUE
    NO MAXVALUE
    CACHE 1;


ALTER SEQUENCE public.earnest_money_escrows_id_seq OWNER TO sagarroy;

--
-- TOC entry 4508 (class 0 OID 0)
-- Dependencies: 291
-- Name: earnest_money_escrows_id_seq; Type: SEQUENCE OWNED BY; Schema: public; Owner: sagarroy
--

ALTER SEQUENCE public.earnest_money_escrows_id_seq OWNED BY public.earnest_money_escrows.id;


--
-- TOC entry 256 (class 1259 OID 25627)
-- Name: email_notifications; Type: TABLE; Schema: public; Owner: sagarroy
--

CREATE TABLE public.email_notifications (
    id integer NOT NULL,
    application_id integer,
    recipient_email character varying(255) NOT NULL,
    subject character varying(255) NOT NULL,
    body text NOT NULL,
    sent boolean DEFAULT false,
    sent_at timestamp without time zone,
    error_message text,
    created_at timestamp without time zone DEFAULT CURRENT_TIMESTAMP
);


ALTER TABLE public.email_notifications OWNER TO sagarroy;

--
-- TOC entry 255 (class 1259 OID 25626)
-- Name: email_notifications_id_seq; Type: SEQUENCE; Schema: public; Owner: sagarroy
--

CREATE SEQUENCE public.email_notifications_id_seq
    AS integer
    START WITH 1
    INCREMENT BY 1
    NO MINVALUE
    NO MAXVALUE
    CACHE 1;


ALTER SEQUENCE public.email_notifications_id_seq OWNER TO sagarroy;

--
-- TOC entry 4509 (class 0 OID 0)
-- Dependencies: 255
-- Name: email_notifications_id_seq; Type: SEQUENCE OWNED BY; Schema: public; Owner: sagarroy
--

ALTER SEQUENCE public.email_notifications_id_seq OWNED BY public.email_notifications.id;


--
-- TOC entry 268 (class 1259 OID 25721)
-- Name: esign_documents; Type: TABLE; Schema: public; Owner: sagarroy
--

CREATE TABLE public.esign_documents (
    id integer NOT NULL,
    letter_date date,
    buyer_type character varying(50),
    buyer_name character varying(255),
    buyer_address character varying(255),
    buyer_city character varying(100),
    buyer_state character varying(20),
    buyer_zip character varying(10),
    additional_buyer boolean DEFAULT false,
    seller_type character varying(50),
    seller_name character varying(255),
    seller_address character varying(255),
    seller_city character varying(100),
    seller_state character varying(20),
    seller_zip character varying(10),
    additional_seller boolean DEFAULT false,
    property_address character varying(255),
    property_city character varying(100),
    property_state character varying(20),
    legal_desc_location character varying(255),
    legal_description text,
    property_restrictions text,
    include_fixtures text,
    included_items text,
    excluded_items text,
    deed_type character varying(100),
    purchase_price numeric(15,2),
    deposit_amount numeric(15,2),
    possession_date date,
    require_financing character varying(10),
    financing_amount numeric(15,2),
    interest_rate numeric(5,2),
    financing_years integer,
    sale_contingency text,
    release_conditions text,
    conditions_date date,
    exclusive_negotiation text,
    stand_still text,
    stand_still_end_date date,
    additional_provisions text,
    created_at timestamp without time zone DEFAULT CURRENT_TIMESTAMP,
    updated_at timestamp without time zone DEFAULT CURRENT_TIMESTAMP,
    user_id integer,
    status character varying(50) DEFAULT 'draft'::character varying,
    offer_id bigint
);


ALTER TABLE public.esign_documents OWNER TO sagarroy;

--
-- TOC entry 267 (class 1259 OID 25720)
-- Name: esign_documents_id_seq; Type: SEQUENCE; Schema: public; Owner: sagarroy
--

CREATE SEQUENCE public.esign_documents_id_seq
    AS integer
    START WITH 1
    INCREMENT BY 1
    NO MINVALUE
    NO MAXVALUE
    CACHE 1;


ALTER SEQUENCE public.esign_documents_id_seq OWNER TO sagarroy;

--
-- TOC entry 4510 (class 0 OID 0)
-- Dependencies: 267
-- Name: esign_documents_id_seq; Type: SEQUENCE OWNED BY; Schema: public; Owner: sagarroy
--

ALTER SEQUENCE public.esign_documents_id_seq OWNED BY public.esign_documents.id;


--
-- TOC entry 250 (class 1259 OID 25573)
-- Name: financial_applications; Type: TABLE; Schema: public; Owner: sagarroy
--

CREATE TABLE public.financial_applications (
    id integer NOT NULL,
    user_id integer,
    application_number character varying(50) NOT NULL,
    status character varying(50) DEFAULT 'pending_review'::character varying,
    annual_income numeric(12,2) NOT NULL,
    monthly_debt numeric(10,2) NOT NULL,
    down_payment numeric(12,2) NOT NULL,
    debt_to_income_ratio numeric(5,4),
    credit_score integer,
    approved_amount numeric(12,2),
    next_step character varying(100) DEFAULT 'credit_check'::character varying,
    submitted_at timestamp without time zone DEFAULT CURRENT_TIMESTAMP,
    reviewed_at timestamp without time zone,
    approved_at timestamp without time zone,
    rejected_at timestamp without time zone,
    rejection_reason text,
    created_at timestamp without time zone DEFAULT CURRENT_TIMESTAMP,
    updated_at timestamp without time zone DEFAULT CURRENT_TIMESTAMP,
    employment_duration_months integer,
    down_payment_percentage numeric(5,2),
    income_stability_score numeric(5,2)
);


ALTER TABLE public.financial_applications OWNER TO sagarroy;

--
-- TOC entry 249 (class 1259 OID 25572)
-- Name: financial_applications_id_seq; Type: SEQUENCE; Schema: public; Owner: sagarroy
--

CREATE SEQUENCE public.financial_applications_id_seq
    AS integer
    START WITH 1
    INCREMENT BY 1
    NO MINVALUE
    NO MAXVALUE
    CACHE 1;


ALTER SEQUENCE public.financial_applications_id_seq OWNER TO sagarroy;

--
-- TOC entry 4511 (class 0 OID 0)
-- Dependencies: 249
-- Name: financial_applications_id_seq; Type: SEQUENCE OWNED BY; Schema: public; Owner: sagarroy
--

ALTER SEQUENCE public.financial_applications_id_seq OWNED BY public.financial_applications.id;


--
-- TOC entry 252 (class 1259 OID 25594)
-- Name: financial_documents; Type: TABLE; Schema: public; Owner: sagarroy
--

CREATE TABLE public.financial_documents (
    id integer NOT NULL,
    application_id integer,
    document_type public.document_type NOT NULL,
    original_filename character varying(255) NOT NULL,
    stored_filename character varying(255) NOT NULL,
    file_path text NOT NULL,
    file_size bigint NOT NULL,
    mime_type character varying(100) NOT NULL,
    is_verified boolean DEFAULT false,
    is_virus_scanned boolean DEFAULT false,
    virus_scan_result text,
    extracted_data jsonb,
    uploaded_at timestamp without time zone DEFAULT CURRENT_TIMESTAMP,
    verified_at timestamp without time zone,
    created_at timestamp without time zone DEFAULT CURRENT_TIMESTAMP
);


ALTER TABLE public.financial_documents OWNER TO sagarroy;

--
-- TOC entry 251 (class 1259 OID 25593)
-- Name: financial_documents_id_seq; Type: SEQUENCE; Schema: public; Owner: sagarroy
--

CREATE SEQUENCE public.financial_documents_id_seq
    AS integer
    START WITH 1
    INCREMENT BY 1
    NO MINVALUE
    NO MAXVALUE
    CACHE 1;


ALTER SEQUENCE public.financial_documents_id_seq OWNER TO sagarroy;

--
-- TOC entry 4512 (class 0 OID 0)
-- Dependencies: 251
-- Name: financial_documents_id_seq; Type: SEQUENCE OWNED BY; Schema: public; Owner: sagarroy
--

ALTER SEQUENCE public.financial_documents_id_seq OWNED BY public.financial_documents.id;


--
-- TOC entry 219 (class 1259 OID 16395)
-- Name: messages; Type: TABLE; Schema: public; Owner: sagarroy
--

CREATE TABLE public.messages (
    id integer NOT NULL,
    sender_id integer,
    recipient_id integer,
    property_id integer,
    offer_id integer,
    subject character varying(255),
    message_body text NOT NULL,
    is_read boolean DEFAULT false,
    read_at timestamp without time zone,
    parent_message_id integer,
    created_at timestamp without time zone DEFAULT CURRENT_TIMESTAMP
);


ALTER TABLE public.messages OWNER TO sagarroy;

--
-- TOC entry 220 (class 1259 OID 16402)
-- Name: messages_id_seq; Type: SEQUENCE; Schema: public; Owner: sagarroy
--

CREATE SEQUENCE public.messages_id_seq
    AS integer
    START WITH 1
    INCREMENT BY 1
    NO MINVALUE
    NO MAXVALUE
    CACHE 1;


ALTER SEQUENCE public.messages_id_seq OWNER TO sagarroy;

--
-- TOC entry 4513 (class 0 OID 0)
-- Dependencies: 220
-- Name: messages_id_seq; Type: SEQUENCE OWNED BY; Schema: public; Owner: sagarroy
--

ALTER SEQUENCE public.messages_id_seq OWNED BY public.messages.id;


--
-- TOC entry 233 (class 1259 OID 17003)
-- Name: milestones; Type: TABLE; Schema: public; Owner: sagarroy
--

CREATE TABLE public.milestones (
    id integer NOT NULL,
    transaction_id integer,
    step_id integer,
    title character varying(255) NOT NULL,
    description text,
    due_date date,
    status character varying(50) DEFAULT 'pending'::character varying,
    milestone_type character varying(50),
    completed_at timestamp without time zone,
    created_at timestamp without time zone DEFAULT CURRENT_TIMESTAMP,
    updated_at timestamp without time zone DEFAULT CURRENT_TIMESTAMP
);


ALTER TABLE public.milestones OWNER TO sagarroy;

--
-- TOC entry 232 (class 1259 OID 17002)
-- Name: milestones_id_seq; Type: SEQUENCE; Schema: public; Owner: sagarroy
--

CREATE SEQUENCE public.milestones_id_seq
    AS integer
    START WITH 1
    INCREMENT BY 1
    NO MINVALUE
    NO MAXVALUE
    CACHE 1;


ALTER SEQUENCE public.milestones_id_seq OWNER TO sagarroy;

--
-- TOC entry 4514 (class 0 OID 0)
-- Dependencies: 232
-- Name: milestones_id_seq; Type: SEQUENCE OWNED BY; Schema: public; Owner: sagarroy
--

ALTER SEQUENCE public.milestones_id_seq OWNED BY public.milestones.id;


--
-- TOC entry 237 (class 1259 OID 17057)
-- Name: notifications; Type: TABLE; Schema: public; Owner: sagarroy
--

CREATE TABLE public.notifications (
    id integer NOT NULL,
    user_id integer,
    transaction_id integer,
    title character varying(255),
    message text,
    type character varying(50),
    is_read boolean DEFAULT false,
    created_at timestamp without time zone DEFAULT CURRENT_TIMESTAMP
);


ALTER TABLE public.notifications OWNER TO sagarroy;

--
-- TOC entry 236 (class 1259 OID 17056)
-- Name: notifications_id_seq; Type: SEQUENCE; Schema: public; Owner: sagarroy
--

CREATE SEQUENCE public.notifications_id_seq
    AS integer
    START WITH 1
    INCREMENT BY 1
    NO MINVALUE
    NO MAXVALUE
    CACHE 1;


ALTER SEQUENCE public.notifications_id_seq OWNER TO sagarroy;

--
-- TOC entry 4515 (class 0 OID 0)
-- Dependencies: 236
-- Name: notifications_id_seq; Type: SEQUENCE OWNED BY; Schema: public; Owner: sagarroy
--

ALTER SEQUENCE public.notifications_id_seq OWNED BY public.notifications.id;


--
-- TOC entry 274 (class 1259 OID 25855)
-- Name: offer_contingencies; Type: TABLE; Schema: public; Owner: sagarroy
--

CREATE TABLE public.offer_contingencies (
    id integer NOT NULL,
    transactions_id character varying(255) NOT NULL,
    user_id character varying(255) NOT NULL,
    state character varying(2) NOT NULL,
    contingencies jsonb NOT NULL,
    deadlines jsonb NOT NULL,
    offer_strength integer NOT NULL,
    metadata jsonb,
    created_at timestamp without time zone DEFAULT CURRENT_TIMESTAMP,
    updated_at timestamp without time zone DEFAULT CURRENT_TIMESTAMP
);


ALTER TABLE public.offer_contingencies OWNER TO sagarroy;

--
-- TOC entry 273 (class 1259 OID 25854)
-- Name: offer_contingencies_id_seq; Type: SEQUENCE; Schema: public; Owner: sagarroy
--

CREATE SEQUENCE public.offer_contingencies_id_seq
    AS integer
    START WITH 1
    INCREMENT BY 1
    NO MINVALUE
    NO MAXVALUE
    CACHE 1;


ALTER SEQUENCE public.offer_contingencies_id_seq OWNER TO sagarroy;

--
-- TOC entry 4516 (class 0 OID 0)
-- Dependencies: 273
-- Name: offer_contingencies_id_seq; Type: SEQUENCE OWNED BY; Schema: public; Owner: sagarroy
--

ALTER SEQUENCE public.offer_contingencies_id_seq OWNED BY public.offer_contingencies.id;


--
-- TOC entry 221 (class 1259 OID 16403)
-- Name: offers; Type: TABLE; Schema: public; Owner: sagarroy
--

CREATE TABLE public.offers (
    id integer NOT NULL,
    property_id integer,
    buyer_id integer,
    offer_amount numeric(12,2) NOT NULL,
    offer_type character varying(50) DEFAULT 'standard'::character varying,
    financing_type character varying(50),
    down_payment_percent numeric(5,2),
    inspection_contingency boolean DEFAULT true,
    financing_contingency boolean DEFAULT true,
    appraisal_contingency boolean DEFAULT true,
    sale_contingency boolean DEFAULT false,
    contingency_details text,
    proposed_closing_date date,
    offer_expires timestamp without time zone,
    buyer_message text,
    status character varying(20) DEFAULT 'pending'::character varying,
    counter_amount numeric(12,2),
    counter_message text,
    counter_date timestamp without time zone,
    accepted_date timestamp without time zone,
    rejected_date timestamp without time zone,
    rejection_reason text,
    created_at timestamp without time zone DEFAULT CURRENT_TIMESTAMP,
    updated_at timestamp without time zone DEFAULT CURRENT_TIMESTAMP,
    seller_response text,
    seller_id bigint,
    CONSTRAINT offers_status_check CHECK (((status)::text = ANY (ARRAY[('pending'::character varying)::text, ('accepted'::character varying)::text, ('rejected'::character varying)::text, ('countered'::character varying)::text, ('withdrawn'::character varying)::text, ('expired'::character varying)::text])))
);


ALTER TABLE public.offers OWNER TO sagarroy;

--
-- TOC entry 222 (class 1259 OID 16417)
-- Name: offers_id_seq; Type: SEQUENCE; Schema: public; Owner: sagarroy
--

CREATE SEQUENCE public.offers_id_seq
    AS integer
    START WITH 1
    INCREMENT BY 1
    NO MINVALUE
    NO MAXVALUE
    CACHE 1;


ALTER SEQUENCE public.offers_id_seq OWNER TO sagarroy;

--
-- TOC entry 4517 (class 0 OID 0)
-- Dependencies: 222
-- Name: offers_id_seq; Type: SEQUENCE OWNED BY; Schema: public; Owner: sagarroy
--

ALTER SEQUENCE public.offers_id_seq OWNED BY public.offers.id;


--
-- TOC entry 239 (class 1259 OID 17091)
-- Name: phases; Type: TABLE; Schema: public; Owner: sagarroy
--

CREATE TABLE public.phases (
    id integer NOT NULL,
    name character varying(50) NOT NULL,
    display_name character varying(100) NOT NULL,
    sort_order integer NOT NULL
);


ALTER TABLE public.phases OWNER TO sagarroy;

--
-- TOC entry 238 (class 1259 OID 17090)
-- Name: phases_id_seq; Type: SEQUENCE; Schema: public; Owner: sagarroy
--

CREATE SEQUENCE public.phases_id_seq
    AS integer
    START WITH 1
    INCREMENT BY 1
    NO MINVALUE
    NO MAXVALUE
    CACHE 1;


ALTER SEQUENCE public.phases_id_seq OWNER TO sagarroy;

--
-- TOC entry 4518 (class 0 OID 0)
-- Dependencies: 238
-- Name: phases_id_seq; Type: SEQUENCE OWNED BY; Schema: public; Owner: sagarroy
--

ALTER SEQUENCE public.phases_id_seq OWNED BY public.phases.id;


--
-- TOC entry 290 (class 1259 OID 26323)
-- Name: phone_verifications; Type: TABLE; Schema: public; Owner: sagarroy
--

CREATE TABLE public.phone_verifications (
    id integer NOT NULL,
    transaction_id integer NOT NULL,
    user_id integer NOT NULL,
    title_company_id integer NOT NULL,
    verification_code character varying(50),
    verified boolean DEFAULT false,
    verified_at timestamp without time zone,
    verification_method character varying(50),
    notes text,
    created_at timestamp without time zone DEFAULT now(),
    updated_at timestamp without time zone DEFAULT now()
);


ALTER TABLE public.phone_verifications OWNER TO sagarroy;

--
-- TOC entry 289 (class 1259 OID 26322)
-- Name: phone_verifications_id_seq; Type: SEQUENCE; Schema: public; Owner: sagarroy
--

CREATE SEQUENCE public.phone_verifications_id_seq
    AS integer
    START WITH 1
    INCREMENT BY 1
    NO MINVALUE
    NO MAXVALUE
    CACHE 1;


ALTER SEQUENCE public.phone_verifications_id_seq OWNER TO sagarroy;

--
-- TOC entry 4519 (class 0 OID 0)
-- Dependencies: 289
-- Name: phone_verifications_id_seq; Type: SEQUENCE OWNED BY; Schema: public; Owner: sagarroy
--

ALTER SEQUENCE public.phone_verifications_id_seq OWNED BY public.phone_verifications.id;


--
-- TOC entry 264 (class 1259 OID 25685)
-- Name: pre_approvals; Type: TABLE; Schema: public; Owner: sagarroy
--

CREATE TABLE public.pre_approvals (
    id integer NOT NULL,
    user_id integer,
    max_purchase_price numeric(12,2),
    down_payment_required numeric(12,2),
    monthly_payment_estimate numeric(10,2),
    loan_amount numeric(12,2),
    interest_rate numeric(4,3),
    expiration_date date,
    status character varying(50) DEFAULT 'active'::character varying,
    created_at timestamp without time zone DEFAULT now(),
    updated_at timestamp without time zone DEFAULT now()
);


ALTER TABLE public.pre_approvals OWNER TO sagarroy;

--
-- TOC entry 263 (class 1259 OID 25684)
-- Name: pre_approvals_id_seq; Type: SEQUENCE; Schema: public; Owner: sagarroy
--

CREATE SEQUENCE public.pre_approvals_id_seq
    AS integer
    START WITH 1
    INCREMENT BY 1
    NO MINVALUE
    NO MAXVALUE
    CACHE 1;


ALTER SEQUENCE public.pre_approvals_id_seq OWNER TO sagarroy;

--
-- TOC entry 4520 (class 0 OID 0)
-- Dependencies: 263
-- Name: pre_approvals_id_seq; Type: SEQUENCE OWNED BY; Schema: public; Owner: sagarroy
--

ALTER SEQUENCE public.pre_approvals_id_seq OWNED BY public.pre_approvals.id;


--
-- TOC entry 223 (class 1259 OID 16418)
-- Name: properties; Type: TABLE; Schema: public; Owner: sagarroy
--

CREATE TABLE public.properties (
    id integer NOT NULL,
    seller_id integer,
    street_address character varying(255) NOT NULL,
    city character varying(100) NOT NULL,
    state character varying(2) NOT NULL,
    zip_code character varying(10) NOT NULL,
    property_type character varying(50) NOT NULL,
    bedrooms integer NOT NULL,
    bathrooms numeric(3,1) NOT NULL,
    square_feet integer NOT NULL,
    lot_size numeric(10,2),
    year_built integer,
    list_price numeric(12,2) NOT NULL,
    minimum_offer numeric(12,2),
    property_tax_annual numeric(10,2),
    hoa_fees_monthly numeric(8,2),
    assessment_value numeric(12,2),
    roof_year integer,
    roof_material character varying(100),
    hvac_install_year integer,
    hvac_type character varying(100),
    hvac_last_service date,
    water_heater_year integer,
    water_heater_type character varying(50),
    has_septic boolean DEFAULT false,
    septic_type character varying(100),
    septic_last_pumped date,
    has_solar boolean DEFAULT false,
    solar_type character varying(50),
    solar_install_year integer,
    solar_monthly_savings numeric(10,2),
    property_condition character varying(50) DEFAULT 'move-in-ready'::character varying,
    major_repairs_needed text,
    recent_renovations text,
    electrical_panel_year integer,
    plumbing_updated_year integer,
    windows_replaced_year integer,
    garage_spaces integer DEFAULT 0,
    has_pool boolean DEFAULT false,
    has_fireplace boolean DEFAULT false,
    has_deck boolean DEFAULT false,
    has_basement boolean DEFAULT false,
    basement_finished boolean DEFAULT false,
    home_warranty_included boolean DEFAULT false,
    warranties_transferable text,
    description text,
    virtual_tour_url character varying(500),
    allow_messages boolean DEFAULT true,
    minimum_offer_percent integer DEFAULT 50,
    status character varying(20) DEFAULT 'active'::character varying,
    listed_date timestamp without time zone DEFAULT CURRENT_TIMESTAMP,
    sold_date timestamp without time zone,
    sold_price numeric(12,2),
    view_count integer DEFAULT 0,
    save_count integer DEFAULT 0,
    created_at timestamp without time zone DEFAULT CURRENT_TIMESTAMP,
    updated_at timestamp without time zone DEFAULT CURRENT_TIMESTAMP,
    CONSTRAINT properties_status_check CHECK (((status)::text = ANY (ARRAY[('draft'::character varying)::text, ('active'::character varying)::text, ('pending'::character varying)::text, ('sold'::character varying)::text, ('paused'::character varying)::text, ('expired'::character varying)::text])))
);


ALTER TABLE public.properties OWNER TO sagarroy;

--
-- TOC entry 224 (class 1259 OID 16442)
-- Name: properties_id_seq; Type: SEQUENCE; Schema: public; Owner: sagarroy
--

CREATE SEQUENCE public.properties_id_seq
    AS integer
    START WITH 1
    INCREMENT BY 1
    NO MINVALUE
    NO MAXVALUE
    CACHE 1;


ALTER SEQUENCE public.properties_id_seq OWNER TO sagarroy;

--
-- TOC entry 4521 (class 0 OID 0)
-- Dependencies: 224
-- Name: properties_id_seq; Type: SEQUENCE OWNED BY; Schema: public; Owner: sagarroy
--

ALTER SEQUENCE public.properties_id_seq OWNED BY public.properties.id;


--
-- TOC entry 225 (class 1259 OID 16443)
-- Name: properties_with_system_status; Type: VIEW; Schema: public; Owner: sagarroy
--

CREATE VIEW public.properties_with_system_status AS
 SELECT id,
    seller_id,
    street_address,
    city,
    state,
    zip_code,
    property_type,
    bedrooms,
    bathrooms,
    square_feet,
    lot_size,
    year_built,
    list_price,
    minimum_offer,
    property_tax_annual,
    hoa_fees_monthly,
    assessment_value,
    roof_year,
    roof_material,
    hvac_install_year,
    hvac_type,
    hvac_last_service,
    water_heater_year,
    water_heater_type,
    has_septic,
    septic_type,
    septic_last_pumped,
    has_solar,
    solar_type,
    solar_install_year,
    solar_monthly_savings,
    property_condition,
    major_repairs_needed,
    recent_renovations,
    electrical_panel_year,
    plumbing_updated_year,
    windows_replaced_year,
    garage_spaces,
    has_pool,
    has_fireplace,
    has_deck,
    has_basement,
    basement_finished,
    home_warranty_included,
    warranties_transferable,
    description,
    virtual_tour_url,
    allow_messages,
    minimum_offer_percent,
    status,
    listed_date,
    sold_date,
    sold_price,
    view_count,
    save_count,
    created_at,
    updated_at,
    (EXTRACT(year FROM CURRENT_DATE) - (roof_year)::numeric) AS roof_age,
    (EXTRACT(year FROM CURRENT_DATE) - (hvac_install_year)::numeric) AS hvac_age,
    (EXTRACT(year FROM CURRENT_DATE) - (water_heater_year)::numeric) AS water_heater_age,
    (EXTRACT(year FROM CURRENT_DATE) - (solar_install_year)::numeric) AS solar_age,
        CASE
            WHEN ((roof_year)::numeric < (EXTRACT(year FROM CURRENT_DATE) - (20)::numeric)) THEN 'needs_replacement'::text
            WHEN ((roof_year)::numeric < (EXTRACT(year FROM CURRENT_DATE) - (15)::numeric)) THEN 'aging'::text
            ELSE 'good'::text
        END AS roof_status,
        CASE
            WHEN ((hvac_install_year)::numeric < (EXTRACT(year FROM CURRENT_DATE) - (15)::numeric)) THEN 'needs_replacement'::text
            WHEN ((hvac_install_year)::numeric < (EXTRACT(year FROM CURRENT_DATE) - (10)::numeric)) THEN 'aging'::text
            ELSE 'good'::text
        END AS hvac_status,
        CASE
            WHEN ((water_heater_year)::numeric < (EXTRACT(year FROM CURRENT_DATE) - (12)::numeric)) THEN 'needs_replacement'::text
            WHEN ((water_heater_year)::numeric < (EXTRACT(year FROM CURRENT_DATE) - (8)::numeric)) THEN 'aging'::text
            ELSE 'good'::text
        END AS water_heater_status
   FROM public.properties p;


ALTER VIEW public.properties_with_system_status OWNER TO sagarroy;

--
-- TOC entry 226 (class 1259 OID 16448)
-- Name: property_photos; Type: TABLE; Schema: public; Owner: sagarroy
--

CREATE TABLE public.property_photos (
    id integer NOT NULL,
    property_id integer,
    photo_url character varying(500) NOT NULL,
    photo_order integer DEFAULT 0,
    is_main boolean DEFAULT false,
    caption character varying(255),
    uploaded_at timestamp without time zone DEFAULT CURRENT_TIMESTAMP
);


ALTER TABLE public.property_photos OWNER TO sagarroy;

--
-- TOC entry 227 (class 1259 OID 16456)
-- Name: property_photos_id_seq; Type: SEQUENCE; Schema: public; Owner: sagarroy
--

CREATE SEQUENCE public.property_photos_id_seq
    AS integer
    START WITH 1
    INCREMENT BY 1
    NO MINVALUE
    NO MAXVALUE
    CACHE 1;


ALTER SEQUENCE public.property_photos_id_seq OWNER TO sagarroy;

--
-- TOC entry 4522 (class 0 OID 0)
-- Dependencies: 227
-- Name: property_photos_id_seq; Type: SEQUENCE OWNED BY; Schema: public; Owner: sagarroy
--

ALTER SEQUENCE public.property_photos_id_seq OWNED BY public.property_photos.id;


--
-- TOC entry 248 (class 1259 OID 17171)
-- Name: property_saved; Type: TABLE; Schema: public; Owner: sagarroy
--

CREATE TABLE public.property_saved (
    id integer NOT NULL,
    buyer_id integer NOT NULL,
    property_id integer NOT NULL,
    notes text,
    priority integer DEFAULT 1,
    created_at timestamp without time zone DEFAULT CURRENT_TIMESTAMP,
    CONSTRAINT property_saved_priority_check CHECK (((priority >= 1) AND (priority <= 5)))
);


ALTER TABLE public.property_saved OWNER TO sagarroy;

--
-- TOC entry 247 (class 1259 OID 17170)
-- Name: property_saved_id_seq; Type: SEQUENCE; Schema: public; Owner: sagarroy
--

CREATE SEQUENCE public.property_saved_id_seq
    AS integer
    START WITH 1
    INCREMENT BY 1
    NO MINVALUE
    NO MAXVALUE
    CACHE 1;


ALTER SEQUENCE public.property_saved_id_seq OWNER TO sagarroy;

--
-- TOC entry 4523 (class 0 OID 0)
-- Dependencies: 247
-- Name: property_saved_id_seq; Type: SEQUENCE OWNED BY; Schema: public; Owner: sagarroy
--

ALTER SEQUENCE public.property_saved_id_seq OWNED BY public.property_saved.id;


--
-- TOC entry 276 (class 1259 OID 25869)
-- Name: property_tours; Type: TABLE; Schema: public; Owner: sagarroy
--

CREATE TABLE public.property_tours (
    id integer NOT NULL,
    property_id integer NOT NULL,
    buyer_id integer,
    buyer_name character varying(255) NOT NULL,
    buyer_email character varying(255) NOT NULL,
    buyer_phone character varying(20),
    tour_date date NOT NULL,
    tour_time time without time zone NOT NULL,
    special_requests text,
    status character varying(50) DEFAULT 'scheduled'::character varying,
    confirmation_code character varying(20),
    seller_notes text,
    access_instructions text,
    gate_code character varying(20),
    created_at timestamp without time zone DEFAULT CURRENT_TIMESTAMP,
    updated_at timestamp without time zone DEFAULT CURRENT_TIMESTAMP,
    cancelled_at timestamp without time zone,
    cancelled_by character varying(50),
    cancellation_reason text
);


ALTER TABLE public.property_tours OWNER TO sagarroy;

--
-- TOC entry 275 (class 1259 OID 25868)
-- Name: property_tours_id_seq; Type: SEQUENCE; Schema: public; Owner: sagarroy
--

CREATE SEQUENCE public.property_tours_id_seq
    AS integer
    START WITH 1
    INCREMENT BY 1
    NO MINVALUE
    NO MAXVALUE
    CACHE 1;


ALTER SEQUENCE public.property_tours_id_seq OWNER TO sagarroy;

--
-- TOC entry 4524 (class 0 OID 0)
-- Dependencies: 275
-- Name: property_tours_id_seq; Type: SEQUENCE OWNED BY; Schema: public; Owner: sagarroy
--

ALTER SEQUENCE public.property_tours_id_seq OWNED BY public.property_tours.id;


--
-- TOC entry 242 (class 1259 OID 17115)
-- Name: step_details; Type: TABLE; Schema: public; Owner: sagarroy
--

CREATE TABLE public.step_details (
    id integer NOT NULL,
    step_id integer NOT NULL,
    detail_key character varying(100) NOT NULL,
    detail_value text
);


ALTER TABLE public.step_details OWNER TO sagarroy;

--
-- TOC entry 241 (class 1259 OID 17114)
-- Name: step_details_id_seq; Type: SEQUENCE; Schema: public; Owner: sagarroy
--

CREATE SEQUENCE public.step_details_id_seq
    AS integer
    START WITH 1
    INCREMENT BY 1
    NO MINVALUE
    NO MAXVALUE
    CACHE 1;


ALTER SEQUENCE public.step_details_id_seq OWNER TO sagarroy;

--
-- TOC entry 4525 (class 0 OID 0)
-- Dependencies: 241
-- Name: step_details_id_seq; Type: SEQUENCE OWNED BY; Schema: public; Owner: sagarroy
--

ALTER SEQUENCE public.step_details_id_seq OWNED BY public.step_details.id;


--
-- TOC entry 240 (class 1259 OID 17099)
-- Name: steps; Type: TABLE; Schema: public; Owner: sagarroy
--

CREATE TABLE public.steps (
    id integer NOT NULL,
    phase_id integer NOT NULL,
    title character varying(200) NOT NULL,
    status character varying(20) NOT NULL,
    description text,
    created_at timestamp without time zone DEFAULT CURRENT_TIMESTAMP,
    updated_at timestamp without time zone DEFAULT CURRENT_TIMESTAMP,
    CONSTRAINT steps_status_check CHECK (((status)::text = ANY ((ARRAY['pending'::character varying, 'in-progress'::character varying, 'completed'::character varying, 'cancelled'::character varying])::text[])))
);


ALTER TABLE public.steps OWNER TO sagarroy;

--
-- TOC entry 246 (class 1259 OID 17152)
-- Name: task_value; Type: TABLE; Schema: public; Owner: sagarroy
--

CREATE TABLE public.task_value (
    id integer NOT NULL,
    task_id integer NOT NULL,
    status character varying(50) NOT NULL,
    changed_by integer,
    notes text,
    created_at timestamp without time zone DEFAULT CURRENT_TIMESTAMP,
    updated_at timestamp without time zone DEFAULT CURRENT_TIMESTAMP,
    transactions_id bigint,
    CONSTRAINT task_value_status_check CHECK (((status)::text = ANY ((ARRAY['pending'::character varying, 'in-progress'::character varying, 'completed'::character varying, 'cancelled'::character varying])::text[])))
);


ALTER TABLE public.task_value OWNER TO sagarroy;

--
-- TOC entry 245 (class 1259 OID 17151)
-- Name: task_value_id_seq; Type: SEQUENCE; Schema: public; Owner: sagarroy
--

CREATE SEQUENCE public.task_value_id_seq
    AS integer
    START WITH 1
    INCREMENT BY 1
    NO MINVALUE
    NO MAXVALUE
    CACHE 1;


ALTER SEQUENCE public.task_value_id_seq OWNER TO sagarroy;

--
-- TOC entry 4526 (class 0 OID 0)
-- Dependencies: 245
-- Name: task_value_id_seq; Type: SEQUENCE OWNED BY; Schema: public; Owner: sagarroy
--

ALTER SEQUENCE public.task_value_id_seq OWNED BY public.task_value.id;


--
-- TOC entry 244 (class 1259 OID 17131)
-- Name: tasks; Type: TABLE; Schema: public; Owner: sagarroy
--

CREATE TABLE public.tasks (
    id integer NOT NULL,
    step_id integer NOT NULL,
    name character varying(200) NOT NULL,
    sort_order integer DEFAULT 0,
    created_at timestamp without time zone DEFAULT CURRENT_TIMESTAMP,
    updated_at timestamp without time zone DEFAULT CURRENT_TIMESTAMP,
    type integer DEFAULT 0,
    url text,
    text text,
    status text DEFAULT 'pending'::text
);


ALTER TABLE public.tasks OWNER TO sagarroy;

--
-- TOC entry 4527 (class 0 OID 0)
-- Dependencies: 244
-- Name: COLUMN tasks.text; Type: COMMENT; Schema: public; Owner: sagarroy
--

COMMENT ON COLUMN public.tasks.text IS 'button text';


--
-- TOC entry 243 (class 1259 OID 17130)
-- Name: tasks_id_seq; Type: SEQUENCE; Schema: public; Owner: sagarroy
--

CREATE SEQUENCE public.tasks_id_seq
    AS integer
    START WITH 1
    INCREMENT BY 1
    NO MINVALUE
    NO MAXVALUE
    CACHE 1;


ALTER SEQUENCE public.tasks_id_seq OWNER TO sagarroy;

--
-- TOC entry 4528 (class 0 OID 0)
-- Dependencies: 243
-- Name: tasks_id_seq; Type: SEQUENCE OWNED BY; Schema: public; Owner: sagarroy
--

ALTER SEQUENCE public.tasks_id_seq OWNED BY public.tasks.id;


--
-- TOC entry 284 (class 1259 OID 26261)
-- Name: title_companies; Type: TABLE; Schema: public; Owner: sagarroy
--

CREATE TABLE public.title_companies (
    id integer NOT NULL,
    name character varying(255) NOT NULL,
    phone character varying(20) NOT NULL,
    email character varying(255) NOT NULL,
    address text,
    city character varying(100),
    state character varying(50),
    zip_code character varying(10),
    license_number character varying(100),
    contact_person character varying(255),
    contact_phone character varying(20),
    active boolean DEFAULT true,
    created_at timestamp without time zone DEFAULT now(),
    updated_at timestamp without time zone DEFAULT now()
);


ALTER TABLE public.title_companies OWNER TO sagarroy;

--
-- TOC entry 283 (class 1259 OID 26260)
-- Name: title_companies_id_seq; Type: SEQUENCE; Schema: public; Owner: sagarroy
--

CREATE SEQUENCE public.title_companies_id_seq
    AS integer
    START WITH 1
    INCREMENT BY 1
    NO MINVALUE
    NO MAXVALUE
    CACHE 1;


ALTER SEQUENCE public.title_companies_id_seq OWNER TO sagarroy;

--
-- TOC entry 4529 (class 0 OID 0)
-- Dependencies: 283
-- Name: title_companies_id_seq; Type: SEQUENCE OWNED BY; Schema: public; Owner: sagarroy
--

ALTER SEQUENCE public.title_companies_id_seq OWNED BY public.title_companies.id;


--
-- TOC entry 282 (class 1259 OID 25934)
-- Name: tour_availability; Type: TABLE; Schema: public; Owner: sagarroy
--

CREATE TABLE public.tour_availability (
    id integer NOT NULL,
    property_id integer NOT NULL,
    available_date date NOT NULL,
    start_time time without time zone NOT NULL,
    end_time time without time zone NOT NULL,
    max_tours integer DEFAULT 1,
    current_bookings integer DEFAULT 0,
    is_active boolean DEFAULT true,
    created_at timestamp without time zone DEFAULT CURRENT_TIMESTAMP
);


ALTER TABLE public.tour_availability OWNER TO sagarroy;

--
-- TOC entry 281 (class 1259 OID 25933)
-- Name: tour_availability_id_seq; Type: SEQUENCE; Schema: public; Owner: sagarroy
--

CREATE SEQUENCE public.tour_availability_id_seq
    AS integer
    START WITH 1
    INCREMENT BY 1
    NO MINVALUE
    NO MAXVALUE
    CACHE 1;


ALTER SEQUENCE public.tour_availability_id_seq OWNER TO sagarroy;

--
-- TOC entry 4530 (class 0 OID 0)
-- Dependencies: 281
-- Name: tour_availability_id_seq; Type: SEQUENCE OWNED BY; Schema: public; Owner: sagarroy
--

ALTER SEQUENCE public.tour_availability_id_seq OWNED BY public.tour_availability.id;


--
-- TOC entry 280 (class 1259 OID 25914)
-- Name: tour_feedback; Type: TABLE; Schema: public; Owner: sagarroy
--

CREATE TABLE public.tour_feedback (
    id integer NOT NULL,
    tour_id integer NOT NULL,
    rating integer,
    interest_level integer,
    property_condition character varying(50),
    liked_features text[],
    disliked_features text[],
    comments text,
    attended boolean DEFAULT true,
    next_steps character varying(100),
    submitted_at timestamp without time zone DEFAULT CURRENT_TIMESTAMP,
    CONSTRAINT tour_feedback_interest_level_check CHECK (((interest_level >= 1) AND (interest_level <= 10))),
    CONSTRAINT tour_feedback_rating_check CHECK (((rating >= 1) AND (rating <= 5)))
);


ALTER TABLE public.tour_feedback OWNER TO sagarroy;

--
-- TOC entry 279 (class 1259 OID 25913)
-- Name: tour_feedback_id_seq; Type: SEQUENCE; Schema: public; Owner: sagarroy
--

CREATE SEQUENCE public.tour_feedback_id_seq
    AS integer
    START WITH 1
    INCREMENT BY 1
    NO MINVALUE
    NO MAXVALUE
    CACHE 1;


ALTER SEQUENCE public.tour_feedback_id_seq OWNER TO sagarroy;

--
-- TOC entry 4531 (class 0 OID 0)
-- Dependencies: 279
-- Name: tour_feedback_id_seq; Type: SEQUENCE OWNED BY; Schema: public; Owner: sagarroy
--

ALTER SEQUENCE public.tour_feedback_id_seq OWNED BY public.tour_feedback.id;


--
-- TOC entry 278 (class 1259 OID 25898)
-- Name: tour_reminders; Type: TABLE; Schema: public; Owner: sagarroy
--

CREATE TABLE public.tour_reminders (
    id integer NOT NULL,
    tour_id integer NOT NULL,
    recipient_type character varying(20) NOT NULL,
    reminder_type character varying(50) NOT NULL,
    scheduled_for timestamp without time zone NOT NULL,
    sent_at timestamp without time zone,
    status character varying(50) DEFAULT 'pending'::character varying,
    error_message text,
    created_at timestamp without time zone DEFAULT CURRENT_TIMESTAMP
);


ALTER TABLE public.tour_reminders OWNER TO sagarroy;

--
-- TOC entry 277 (class 1259 OID 25897)
-- Name: tour_reminders_id_seq; Type: SEQUENCE; Schema: public; Owner: sagarroy
--

CREATE SEQUENCE public.tour_reminders_id_seq
    AS integer
    START WITH 1
    INCREMENT BY 1
    NO MINVALUE
    NO MAXVALUE
    CACHE 1;


ALTER SEQUENCE public.tour_reminders_id_seq OWNER TO sagarroy;

--
-- TOC entry 4532 (class 0 OID 0)
-- Dependencies: 277
-- Name: tour_reminders_id_seq; Type: SEQUENCE OWNED BY; Schema: public; Owner: sagarroy
--

ALTER SEQUENCE public.tour_reminders_id_seq OWNED BY public.tour_reminders.id;


--
-- TOC entry 296 (class 1259 OID 26468)
-- Name: transactions; Type: TABLE; Schema: public; Owner: sagarroy
--

CREATE TABLE public.transactions (
    id integer NOT NULL,
    offer_id integer NOT NULL,
    property_id integer NOT NULL,
    buyer_id integer NOT NULL,
    seller_id integer NOT NULL,
    buyer_agent_id integer,
    seller_agent_id integer,
    purchase_price numeric(12,2) NOT NULL,
    earnest_money_amount numeric(12,2),
    closing_date date,
    closing_location character varying(255),
    earnest_money_status character varying(50) DEFAULT 'pending'::character varying,
    selected_title_company_id integer,
    phone_verified boolean DEFAULT false,
    phone_verified_at timestamp without time zone,
    earnest_money_verified_at timestamp without time zone,
    earnest_money_step integer DEFAULT 1,
    transaction_status character varying(50) DEFAULT 'offer_accepted'::character varying,
    inspection_period_days integer,
    inspection_start_date date,
    inspection_end_date date,
    inspection_completed boolean DEFAULT false,
    appraisal_contingency boolean DEFAULT true,
    appraisal_value numeric(12,2),
    appraisal_completed boolean DEFAULT false,
    appraisal_date date,
    financing_contingency boolean DEFAULT true,
    loan_amount numeric(12,2),
    loan_type character varying(50),
    down_payment_percentage numeric(5,2),
    interest_rate numeric(6,3),
    loan_officer_id integer,
    title_insurance_amount numeric(12,2),
    closing_costs numeric(12,2),
    homeowners_insurance_required boolean DEFAULT true,
    hoa_fees numeric(12,2),
    offer_acceptance_date timestamp without time zone,
    created_at timestamp without time zone DEFAULT now(),
    updated_at timestamp without time zone DEFAULT now(),
    closed_at timestamp without time zone
);


ALTER TABLE public.transactions OWNER TO sagarroy;

--
-- TOC entry 295 (class 1259 OID 26467)
-- Name: transactions_id_seq; Type: SEQUENCE; Schema: public; Owner: sagarroy
--

CREATE SEQUENCE public.transactions_id_seq
    AS integer
    START WITH 1
    INCREMENT BY 1
    NO MINVALUE
    NO MAXVALUE
    CACHE 1;


ALTER SEQUENCE public.transactions_id_seq OWNER TO sagarroy;

--
-- TOC entry 4533 (class 0 OID 0)
-- Dependencies: 295
-- Name: transactions_id_seq; Type: SEQUENCE OWNED BY; Schema: public; Owner: sagarroy
--

ALTER SEQUENCE public.transactions_id_seq OWNED BY public.transactions.id;


--
-- TOC entry 228 (class 1259 OID 16457)
-- Name: user_sessions; Type: TABLE; Schema: public; Owner: sagarroy
--

CREATE TABLE public.user_sessions (
    id integer NOT NULL,
    user_id integer,
    session_token character varying(255) NOT NULL,
    ip_address character varying(45),
    user_agent text,
    created_at timestamp without time zone DEFAULT CURRENT_TIMESTAMP,
    expires_at timestamp without time zone NOT NULL,
    is_valid boolean DEFAULT true
);


ALTER TABLE public.user_sessions OWNER TO sagarroy;

--
-- TOC entry 229 (class 1259 OID 16464)
-- Name: user_sessions_id_seq; Type: SEQUENCE; Schema: public; Owner: sagarroy
--

CREATE SEQUENCE public.user_sessions_id_seq
    AS integer
    START WITH 1
    INCREMENT BY 1
    NO MINVALUE
    NO MAXVALUE
    CACHE 1;


ALTER SEQUENCE public.user_sessions_id_seq OWNER TO sagarroy;

--
-- TOC entry 4534 (class 0 OID 0)
-- Dependencies: 229
-- Name: user_sessions_id_seq; Type: SEQUENCE OWNED BY; Schema: public; Owner: sagarroy
--

ALTER SEQUENCE public.user_sessions_id_seq OWNED BY public.user_sessions.id;


--
-- TOC entry 230 (class 1259 OID 16465)
-- Name: users; Type: TABLE; Schema: public; Owner: sagarroy
--

CREATE TABLE public.users (
    id integer NOT NULL,
    email character varying(255) NOT NULL,
    password_hash character varying(255) NOT NULL,
    first_name character varying(100) NOT NULL,
    last_name character varying(100) NOT NULL,
    phone character varying(20),
    user_type character varying(20) NOT NULL,
    is_pre_approved boolean DEFAULT false,
    pre_approval_amount numeric(12,2),
    pre_approval_expires date,
    credit_score_range character varying(20),
    email_verified boolean DEFAULT false,
    verification_token character varying(255),
    created_at timestamp without time zone DEFAULT CURRENT_TIMESTAMP,
    updated_at timestamp without time zone DEFAULT CURRENT_TIMESTAMP,
    last_login timestamp without time zone,
    is_active boolean DEFAULT true,
    address text,
    CONSTRAINT users_user_type_check CHECK (((user_type)::text = ANY (ARRAY[('buyer'::character varying)::text, ('seller'::character varying)::text, ('both'::character varying)::text])))
);


ALTER TABLE public.users OWNER TO sagarroy;

--
-- TOC entry 4535 (class 0 OID 0)
-- Dependencies: 230
-- Name: COLUMN users.address; Type: COMMENT; Schema: public; Owner: sagarroy
--

COMMENT ON COLUMN public.users.address IS 'address';


--
-- TOC entry 231 (class 1259 OID 16476)
-- Name: users_id_seq; Type: SEQUENCE; Schema: public; Owner: sagarroy
--

CREATE SEQUENCE public.users_id_seq
    AS integer
    START WITH 1
    INCREMENT BY 1
    NO MINVALUE
    NO MAXVALUE
    CACHE 1;


ALTER SEQUENCE public.users_id_seq OWNER TO sagarroy;

--
-- TOC entry 4536 (class 0 OID 0)
-- Dependencies: 231
-- Name: users_id_seq; Type: SEQUENCE OWNED BY; Schema: public; Owner: sagarroy
--

ALTER SEQUENCE public.users_id_seq OWNED BY public.users.id;


--
-- TOC entry 288 (class 1259 OID 26297)
-- Name: wire_confirmations; Type: TABLE; Schema: public; Owner: sagarroy
--

CREATE TABLE public.wire_confirmations (
    id integer NOT NULL,
    transaction_id integer NOT NULL,
    confirmation_number character varying(100) NOT NULL,
    file_path character varying(500),
    file_name character varying(255),
    file_size bigint,
    file_type character varying(50),
    uploaded_at timestamp without time zone DEFAULT now(),
    uploaded_by integer NOT NULL,
    status character varying(50) DEFAULT 'pending'::character varying,
    verified_at timestamp without time zone,
    verified_by integer,
    rejection_reason text,
    wire_amount numeric(12,2) NOT NULL,
    created_at timestamp without time zone DEFAULT now(),
    updated_at timestamp without time zone DEFAULT now()
);


ALTER TABLE public.wire_confirmations OWNER TO sagarroy;

--
-- TOC entry 287 (class 1259 OID 26296)
-- Name: wire_confirmations_id_seq; Type: SEQUENCE; Schema: public; Owner: sagarroy
--

CREATE SEQUENCE public.wire_confirmations_id_seq
    AS integer
    START WITH 1
    INCREMENT BY 1
    NO MINVALUE
    NO MAXVALUE
    CACHE 1;


ALTER SEQUENCE public.wire_confirmations_id_seq OWNER TO sagarroy;

--
-- TOC entry 4537 (class 0 OID 0)
-- Dependencies: 287
-- Name: wire_confirmations_id_seq; Type: SEQUENCE OWNED BY; Schema: public; Owner: sagarroy
--

ALTER SEQUENCE public.wire_confirmations_id_seq OWNED BY public.wire_confirmations.id;


--
-- TOC entry 286 (class 1259 OID 26277)
-- Name: wire_instructions; Type: TABLE; Schema: public; Owner: sagarroy
--

CREATE TABLE public.wire_instructions (
    id integer NOT NULL,
    transaction_id integer NOT NULL,
    title_company_id integer NOT NULL,
    bank_name character varying(255) NOT NULL,
    account_number character varying(100) NOT NULL,
    routing_number character varying(20) NOT NULL,
    bank_address text,
    bank_city character varying(100),
    bank_state character varying(50),
    swift_code character varying(50),
    instructions_text text,
    reference_line_1 character varying(255),
    reference_line_2 character varying(255),
    created_at timestamp without time zone DEFAULT now(),
    updated_at timestamp without time zone DEFAULT now(),
    expires_at timestamp without time zone
);


ALTER TABLE public.wire_instructions OWNER TO sagarroy;

--
-- TOC entry 285 (class 1259 OID 26276)
-- Name: wire_instructions_id_seq; Type: SEQUENCE; Schema: public; Owner: sagarroy
--

CREATE SEQUENCE public.wire_instructions_id_seq
    AS integer
    START WITH 1
    INCREMENT BY 1
    NO MINVALUE
    NO MAXVALUE
    CACHE 1;


ALTER SEQUENCE public.wire_instructions_id_seq OWNER TO sagarroy;

--
-- TOC entry 4538 (class 0 OID 0)
-- Dependencies: 285
-- Name: wire_instructions_id_seq; Type: SEQUENCE OWNED BY; Schema: public; Owner: sagarroy
--

ALTER SEQUENCE public.wire_instructions_id_seq OWNED BY public.wire_instructions.id;


--
-- TOC entry 3949 (class 2604 OID 25615)
-- Name: application_status_history id; Type: DEFAULT; Schema: public; Owner: sagarroy
--

ALTER TABLE ONLY public.application_status_history ALTER COLUMN id SET DEFAULT nextval('public.application_status_history_id_seq'::regclass);


--
-- TOC entry 3958 (class 2604 OID 25663)
-- Name: audit_logs id; Type: DEFAULT; Schema: public; Owner: sagarroy
--

ALTER TABLE ONLY public.audit_logs ALTER COLUMN id SET DEFAULT nextval('public.audit_logs_id_seq'::regclass);


--
-- TOC entry 3966 (class 2604 OID 25705)
-- Name: buyer_ratings id; Type: DEFAULT; Schema: public; Owner: sagarroy
--

ALTER TABLE ONLY public.buyer_ratings ALTER COLUMN id SET DEFAULT nextval('public.buyer_ratings_id_seq'::regclass);


--
-- TOC entry 3985 (class 2604 OID 25827)
-- Name: contract_signatures id; Type: DEFAULT; Schema: public; Owner: sagarroy
--

ALTER TABLE ONLY public.contract_signatures ALTER COLUMN id SET DEFAULT nextval('public.contract_signatures_id_seq'::regclass);


--
-- TOC entry 3975 (class 2604 OID 25802)
-- Name: contracts id; Type: DEFAULT; Schema: public; Owner: sagarroy
--

ALTER TABLE ONLY public.contracts ALTER COLUMN id SET DEFAULT nextval('public.contracts_id_seq'::regclass);


--
-- TOC entry 3954 (class 2604 OID 25646)
-- Name: credit_check_requests id; Type: DEFAULT; Schema: public; Owner: sagarroy
--

ALTER TABLE ONLY public.credit_check_requests ALTER COLUMN id SET DEFAULT nextval('public.credit_check_requests_id_seq'::regclass);


--
-- TOC entry 3960 (class 2604 OID 25675)
-- Name: credit_checks id; Type: DEFAULT; Schema: public; Owner: sagarroy
--

ALTER TABLE ONLY public.credit_checks ALTER COLUMN id SET DEFAULT nextval('public.credit_checks_id_seq'::regclass);


--
-- TOC entry 3915 (class 2604 OID 17028)
-- Name: documents id; Type: DEFAULT; Schema: public; Owner: sagarroy
--

ALTER TABLE ONLY public.documents ALTER COLUMN id SET DEFAULT nextval('public.documents_id_seq'::regclass);


--
-- TOC entry 4026 (class 2604 OID 26384)
-- Name: earnest_money_audit_logs id; Type: DEFAULT; Schema: public; Owner: sagarroy
--

ALTER TABLE ONLY public.earnest_money_audit_logs ALTER COLUMN id SET DEFAULT nextval('public.earnest_money_audit_logs_id_seq'::regclass);


--
-- TOC entry 4022 (class 2604 OID 26352)
-- Name: earnest_money_escrows id; Type: DEFAULT; Schema: public; Owner: sagarroy
--

ALTER TABLE ONLY public.earnest_money_escrows ALTER COLUMN id SET DEFAULT nextval('public.earnest_money_escrows_id_seq'::regclass);


--
-- TOC entry 3951 (class 2604 OID 25630)
-- Name: email_notifications id; Type: DEFAULT; Schema: public; Owner: sagarroy
--

ALTER TABLE ONLY public.email_notifications ALTER COLUMN id SET DEFAULT nextval('public.email_notifications_id_seq'::regclass);


--
-- TOC entry 3969 (class 2604 OID 25724)
-- Name: esign_documents id; Type: DEFAULT; Schema: public; Owner: sagarroy
--

ALTER TABLE ONLY public.esign_documents ALTER COLUMN id SET DEFAULT nextval('public.esign_documents_id_seq'::regclass);


--
-- TOC entry 3938 (class 2604 OID 25576)
-- Name: financial_applications id; Type: DEFAULT; Schema: public; Owner: sagarroy
--

ALTER TABLE ONLY public.financial_applications ALTER COLUMN id SET DEFAULT nextval('public.financial_applications_id_seq'::regclass);


--
-- TOC entry 3944 (class 2604 OID 25597)
-- Name: financial_documents id; Type: DEFAULT; Schema: public; Owner: sagarroy
--

ALTER TABLE ONLY public.financial_documents ALTER COLUMN id SET DEFAULT nextval('public.financial_documents_id_seq'::regclass);


--
-- TOC entry 3867 (class 2604 OID 16477)
-- Name: messages id; Type: DEFAULT; Schema: public; Owner: sagarroy
--

ALTER TABLE ONLY public.messages ALTER COLUMN id SET DEFAULT nextval('public.messages_id_seq'::regclass);


--
-- TOC entry 3911 (class 2604 OID 17006)
-- Name: milestones id; Type: DEFAULT; Schema: public; Owner: sagarroy
--

ALTER TABLE ONLY public.milestones ALTER COLUMN id SET DEFAULT nextval('public.milestones_id_seq'::regclass);


--
-- TOC entry 3919 (class 2604 OID 17060)
-- Name: notifications id; Type: DEFAULT; Schema: public; Owner: sagarroy
--

ALTER TABLE ONLY public.notifications ALTER COLUMN id SET DEFAULT nextval('public.notifications_id_seq'::regclass);


--
-- TOC entry 3988 (class 2604 OID 25858)
-- Name: offer_contingencies id; Type: DEFAULT; Schema: public; Owner: sagarroy
--

ALTER TABLE ONLY public.offer_contingencies ALTER COLUMN id SET DEFAULT nextval('public.offer_contingencies_id_seq'::regclass);


--
-- TOC entry 3870 (class 2604 OID 16478)
-- Name: offers id; Type: DEFAULT; Schema: public; Owner: sagarroy
--

ALTER TABLE ONLY public.offers ALTER COLUMN id SET DEFAULT nextval('public.offers_id_seq'::regclass);


--
-- TOC entry 3922 (class 2604 OID 17094)
-- Name: phases id; Type: DEFAULT; Schema: public; Owner: sagarroy
--

ALTER TABLE ONLY public.phases ALTER COLUMN id SET DEFAULT nextval('public.phases_id_seq'::regclass);


--
-- TOC entry 4018 (class 2604 OID 26326)
-- Name: phone_verifications id; Type: DEFAULT; Schema: public; Owner: sagarroy
--

ALTER TABLE ONLY public.phone_verifications ALTER COLUMN id SET DEFAULT nextval('public.phone_verifications_id_seq'::regclass);


--
-- TOC entry 3962 (class 2604 OID 25688)
-- Name: pre_approvals id; Type: DEFAULT; Schema: public; Owner: sagarroy
--

ALTER TABLE ONLY public.pre_approvals ALTER COLUMN id SET DEFAULT nextval('public.pre_approvals_id_seq'::regclass);


--
-- TOC entry 3879 (class 2604 OID 16479)
-- Name: properties id; Type: DEFAULT; Schema: public; Owner: sagarroy
--

ALTER TABLE ONLY public.properties ALTER COLUMN id SET DEFAULT nextval('public.properties_id_seq'::regclass);


--
-- TOC entry 3898 (class 2604 OID 16480)
-- Name: property_photos id; Type: DEFAULT; Schema: public; Owner: sagarroy
--

ALTER TABLE ONLY public.property_photos ALTER COLUMN id SET DEFAULT nextval('public.property_photos_id_seq'::regclass);


--
-- TOC entry 3935 (class 2604 OID 17174)
-- Name: property_saved id; Type: DEFAULT; Schema: public; Owner: sagarroy
--

ALTER TABLE ONLY public.property_saved ALTER COLUMN id SET DEFAULT nextval('public.property_saved_id_seq'::regclass);


--
-- TOC entry 3991 (class 2604 OID 25872)
-- Name: property_tours id; Type: DEFAULT; Schema: public; Owner: sagarroy
--

ALTER TABLE ONLY public.property_tours ALTER COLUMN id SET DEFAULT nextval('public.property_tours_id_seq'::regclass);


--
-- TOC entry 3925 (class 2604 OID 17118)
-- Name: step_details id; Type: DEFAULT; Schema: public; Owner: sagarroy
--

ALTER TABLE ONLY public.step_details ALTER COLUMN id SET DEFAULT nextval('public.step_details_id_seq'::regclass);


--
-- TOC entry 3932 (class 2604 OID 17155)
-- Name: task_value id; Type: DEFAULT; Schema: public; Owner: sagarroy
--

ALTER TABLE ONLY public.task_value ALTER COLUMN id SET DEFAULT nextval('public.task_value_id_seq'::regclass);


--
-- TOC entry 3926 (class 2604 OID 17134)
-- Name: tasks id; Type: DEFAULT; Schema: public; Owner: sagarroy
--

ALTER TABLE ONLY public.tasks ALTER COLUMN id SET DEFAULT nextval('public.tasks_id_seq'::regclass);


--
-- TOC entry 4006 (class 2604 OID 26264)
-- Name: title_companies id; Type: DEFAULT; Schema: public; Owner: sagarroy
--

ALTER TABLE ONLY public.title_companies ALTER COLUMN id SET DEFAULT nextval('public.title_companies_id_seq'::regclass);


--
-- TOC entry 4001 (class 2604 OID 25937)
-- Name: tour_availability id; Type: DEFAULT; Schema: public; Owner: sagarroy
--

ALTER TABLE ONLY public.tour_availability ALTER COLUMN id SET DEFAULT nextval('public.tour_availability_id_seq'::regclass);


--
-- TOC entry 3998 (class 2604 OID 25917)
-- Name: tour_feedback id; Type: DEFAULT; Schema: public; Owner: sagarroy
--

ALTER TABLE ONLY public.tour_feedback ALTER COLUMN id SET DEFAULT nextval('public.tour_feedback_id_seq'::regclass);


--
-- TOC entry 3995 (class 2604 OID 25901)
-- Name: tour_reminders id; Type: DEFAULT; Schema: public; Owner: sagarroy
--

ALTER TABLE ONLY public.tour_reminders ALTER COLUMN id SET DEFAULT nextval('public.tour_reminders_id_seq'::regclass);


--
-- TOC entry 4028 (class 2604 OID 26471)
-- Name: transactions id; Type: DEFAULT; Schema: public; Owner: sagarroy
--

ALTER TABLE ONLY public.transactions ALTER COLUMN id SET DEFAULT nextval('public.transactions_id_seq'::regclass);


--
-- TOC entry 3902 (class 2604 OID 16481)
-- Name: user_sessions id; Type: DEFAULT; Schema: public; Owner: sagarroy
--

ALTER TABLE ONLY public.user_sessions ALTER COLUMN id SET DEFAULT nextval('public.user_sessions_id_seq'::regclass);


--
-- TOC entry 3905 (class 2604 OID 16482)
-- Name: users id; Type: DEFAULT; Schema: public; Owner: sagarroy
--

ALTER TABLE ONLY public.users ALTER COLUMN id SET DEFAULT nextval('public.users_id_seq'::regclass);


--
-- TOC entry 4013 (class 2604 OID 26300)
-- Name: wire_confirmations id; Type: DEFAULT; Schema: public; Owner: sagarroy
--

ALTER TABLE ONLY public.wire_confirmations ALTER COLUMN id SET DEFAULT nextval('public.wire_confirmations_id_seq'::regclass);


--
-- TOC entry 4010 (class 2604 OID 26280)
-- Name: wire_instructions id; Type: DEFAULT; Schema: public; Owner: sagarroy
--

ALTER TABLE ONLY public.wire_instructions ALTER COLUMN id SET DEFAULT nextval('public.wire_instructions_id_seq'::regclass);


--
-- TOC entry 4450 (class 0 OID 25612)
-- Dependencies: 254
-- Data for Name: application_status_history; Type: TABLE DATA; Schema: public; Owner: sagarroy
--

COPY public.application_status_history (id, application_id, previous_status, new_status, changed_by, notes, created_at) FROM stdin;
1	4	pending_review	approved	Admin User	234	2025-10-06 16:08:21.9499
2	4	approved	approved	Admin User	234	2025-10-06 16:08:48.381203
3	3	pending_review	approved	Admin User	dsgfsdf	2025-10-06 16:16:34.557795
\.


--
-- TOC entry 4456 (class 0 OID 25660)
-- Dependencies: 260
-- Data for Name: audit_logs; Type: TABLE DATA; Schema: public; Owner: sagarroy
--

COPY public.audit_logs (id, table_name, record_id, action, old_data, new_data, user_id, ip_address, user_agent, created_at) FROM stdin;
1	financial_applications	7	CREATE	\N	{"id": 7, "status": "pending_review", "user_id": null, "next_step": "credit_check", "created_at": "2025-10-04T14:14:49.059Z", "updated_at": "2025-10-04T14:14:49.059Z", "approved_at": null, "rejected_at": null, "reviewed_at": null, "credit_score": null, "down_payment": "200.00", "monthly_debt": "200.00", "submitted_at": "2025-10-04T14:14:49.059Z", "annual_income": "200.00", "approved_amount": null, "rejection_reason": null, "application_number": "APP-MGCCU9K2-D8D1B0", "debt_to_income_ratio": null}	\N	::ffff:127.0.0.1	Mozilla/5.0 (Macintosh; Intel Mac OS X 10.15; rv:143.0) Gecko/20100101 Firefox/143.0	2025-10-04 20:14:49.06822
2	financial_applications	8	CREATE	\N	{"id": 8, "status": "pending_review", "user_id": null, "next_step": "credit_check", "created_at": "2025-10-04T14:16:02.850Z", "updated_at": "2025-10-04T14:16:02.850Z", "approved_at": null, "rejected_at": null, "reviewed_at": null, "credit_score": null, "down_payment": "200.00", "monthly_debt": "200.00", "submitted_at": "2025-10-04T14:16:02.850Z", "annual_income": "200.00", "approved_amount": null, "rejection_reason": null, "application_number": "APP-MGCCVUHT-B45722", "debt_to_income_ratio": null}	\N	::ffff:127.0.0.1	Mozilla/5.0 (Macintosh; Intel Mac OS X 10.15; rv:143.0) Gecko/20100101 Firefox/143.0	2025-10-04 20:16:02.861989
3	financial_applications	9	CREATE	\N	{"id": 9, "status": "pending_review", "user_id": null, "next_step": "credit_check", "created_at": "2025-10-04T14:16:35.043Z", "updated_at": "2025-10-04T14:16:35.043Z", "approved_at": null, "rejected_at": null, "reviewed_at": null, "credit_score": null, "down_payment": "200.00", "monthly_debt": "200.00", "submitted_at": "2025-10-04T14:16:35.043Z", "annual_income": "200.00", "approved_amount": null, "rejection_reason": null, "application_number": "APP-MGCCWJC3-7F0949", "debt_to_income_ratio": null}	\N	::ffff:127.0.0.1	Mozilla/5.0 (Macintosh; Intel Mac OS X 10.15; rv:143.0) Gecko/20100101 Firefox/143.0	2025-10-04 20:16:35.050267
4	financial_applications	10	CREATE	\N	{"id": 10, "status": "pending_review", "user_id": null, "next_step": "credit_check", "created_at": "2025-10-04T14:21:55.321Z", "updated_at": "2025-10-04T14:21:55.321Z", "approved_at": null, "rejected_at": null, "reviewed_at": null, "credit_score": null, "down_payment": "200.00", "monthly_debt": "200.00", "submitted_at": "2025-10-04T14:21:55.321Z", "annual_income": "200.00", "approved_amount": null, "rejection_reason": null, "application_number": "APP-MGCD3EGP-792071", "debt_to_income_ratio": null}	\N	::ffff:127.0.0.1	Mozilla/5.0 (Macintosh; Intel Mac OS X 10.15; rv:143.0) Gecko/20100101 Firefox/143.0	2025-10-04 20:21:55.33005
5	financial_applications	11	CREATE	\N	{"id": 11, "status": "pending_review", "user_id": null, "next_step": "credit_check", "created_at": "2025-10-04T14:23:01.066Z", "updated_at": "2025-10-04T14:23:01.066Z", "approved_at": null, "rejected_at": null, "reviewed_at": null, "credit_score": null, "down_payment": "200.00", "monthly_debt": "200.00", "submitted_at": "2025-10-04T14:23:01.066Z", "annual_income": "200.00", "approved_amount": null, "rejection_reason": null, "application_number": "APP-MGCD4T6X-ADCE67", "debt_to_income_ratio": null}	\N	::ffff:127.0.0.1	Mozilla/5.0 (Macintosh; Intel Mac OS X 10.15; rv:143.0) Gecko/20100101 Firefox/143.0	2025-10-04 20:23:01.087726
6	financial_applications	12	CREATE	\N	{"id": 12, "status": "pending_review", "user_id": null, "next_step": "credit_check", "created_at": "2025-10-04T14:24:19.752Z", "updated_at": "2025-10-04T14:24:19.752Z", "approved_at": null, "rejected_at": null, "reviewed_at": null, "credit_score": null, "down_payment": "200.00", "monthly_debt": "200.00", "submitted_at": "2025-10-04T14:24:19.752Z", "annual_income": "200.00", "approved_amount": null, "rejection_reason": null, "application_number": "APP-MGCD6HWN-FEDE52", "debt_to_income_ratio": null}	\N	::ffff:127.0.0.1	Mozilla/5.0 (Macintosh; Intel Mac OS X 10.15; rv:143.0) Gecko/20100101 Firefox/143.0	2025-10-04 20:24:19.75956
7	financial_applications	13	CREATE	\N	{"id": 13, "status": "pending_review", "user_id": 6, "next_step": "credit_check", "created_at": "2025-10-07T11:41:42.921Z", "updated_at": "2025-10-07T11:41:42.921Z", "approved_at": null, "rejected_at": null, "reviewed_at": null, "credit_score": null, "down_payment": "254.00", "monthly_debt": "250.00", "submitted_at": "2025-10-07T11:41:42.921Z", "annual_income": "2500.00", "approved_amount": null, "rejection_reason": null, "application_number": "APP-MGGHOXHK-F9F283", "debt_to_income_ratio": null}	6	::ffff:127.0.0.1	Mozilla/5.0 (Macintosh; Intel Mac OS X 10.15; rv:143.0) Gecko/20100101 Firefox/143.0	2025-10-07 17:41:42.938092
8	financial_applications	14	CREATE	\N	{"id": 14, "status": "pending_review", "user_id": 6, "next_step": "credit_check", "created_at": "2025-10-16T13:06:23.811Z", "updated_at": "2025-10-16T13:06:23.811Z", "approved_at": null, "rejected_at": null, "reviewed_at": null, "credit_score": null, "down_payment": "5656.00", "monthly_debt": "55.00", "submitted_at": "2025-10-16T13:06:23.811Z", "annual_income": "1564.00", "approved_amount": null, "rejection_reason": null, "application_number": "APP-MGTFOHXE-D8E98F", "debt_to_income_ratio": null, "income_stability_score": null, "down_payment_percentage": null, "employment_duration_months": null}	6	::ffff:127.0.0.1	Mozilla/5.0 (Macintosh; Intel Mac OS X 10.15; rv:143.0) Gecko/20100101 Firefox/143.0	2025-10-16 19:06:23.83222
9	financial_applications	15	CREATE	\N	{"id": 15, "status": "pending_review", "user_id": 6, "next_step": "credit_check", "created_at": "2025-10-16T13:07:28.135Z", "updated_at": "2025-10-16T13:07:28.135Z", "approved_at": null, "rejected_at": null, "reviewed_at": null, "credit_score": null, "down_payment": "2000.00", "monthly_debt": "2000.00", "submitted_at": "2025-10-16T13:07:28.135Z", "annual_income": "200.00", "approved_amount": null, "rejection_reason": null, "application_number": "APP-MGTFPVK7-231E36", "debt_to_income_ratio": null, "income_stability_score": null, "down_payment_percentage": null, "employment_duration_months": null}	6	::ffff:127.0.0.1	Mozilla/5.0 (Macintosh; Intel Mac OS X 10.15; rv:143.0) Gecko/20100101 Firefox/143.0	2025-10-16 19:07:28.149309
10	financial_applications	16	CREATE	\N	{"id": 16, "status": "pending_review", "user_id": 6, "next_step": "credit_check", "created_at": "2025-10-16T13:39:27.429Z", "updated_at": "2025-10-16T13:39:27.429Z", "approved_at": null, "rejected_at": null, "reviewed_at": null, "credit_score": null, "down_payment": "333.00", "monthly_debt": "230.00", "submitted_at": "2025-10-16T13:39:27.429Z", "annual_income": "300.00", "approved_amount": null, "rejection_reason": null, "application_number": "APP-MGTGV0HW-C1ADBB", "debt_to_income_ratio": null, "income_stability_score": null, "down_payment_percentage": null, "employment_duration_months": null}	6	::ffff:127.0.0.1	Mozilla/5.0 (Macintosh; Intel Mac OS X 10.15; rv:143.0) Gecko/20100101 Firefox/143.0	2025-10-16 19:39:27.442401
11	financial_applications	17	CREATE	\N	{"id": 17, "status": "pending_review", "user_id": 6, "next_step": "credit_check", "created_at": "2025-10-16T13:40:34.556Z", "updated_at": "2025-10-16T13:40:34.556Z", "approved_at": null, "rejected_at": null, "reviewed_at": null, "credit_score": null, "down_payment": "333.00", "monthly_debt": "230.00", "submitted_at": "2025-10-16T13:40:34.556Z", "annual_income": "300.00", "approved_amount": null, "rejection_reason": null, "application_number": "APP-MGTGWGAJ-9F2BA2", "debt_to_income_ratio": null, "income_stability_score": null, "down_payment_percentage": null, "employment_duration_months": null}	6	::ffff:127.0.0.1	Mozilla/5.0 (Macintosh; Intel Mac OS X 10.15; rv:143.0) Gecko/20100101 Firefox/143.0	2025-10-16 19:40:34.564492
12	financial_applications	18	CREATE	\N	{"id": 18, "status": "pending_review", "user_id": 6, "next_step": "credit_check", "created_at": "2025-10-16T13:49:29.302Z", "updated_at": "2025-10-16T13:49:29.302Z", "approved_at": null, "rejected_at": null, "reviewed_at": null, "credit_score": null, "down_payment": "200.00", "monthly_debt": "200.00", "submitted_at": "2025-10-16T13:49:29.302Z", "annual_income": "200.00", "approved_amount": null, "rejection_reason": null, "application_number": "APP-MGTH7WWL-E51E40", "debt_to_income_ratio": null, "income_stability_score": null, "down_payment_percentage": null, "employment_duration_months": null}	6	::ffff:127.0.0.1	Mozilla/5.0 (Macintosh; Intel Mac OS X 10.15; rv:143.0) Gecko/20100101 Firefox/143.0	2025-10-16 19:49:29.31453
\.


--
-- TOC entry 4462 (class 0 OID 25702)
-- Dependencies: 266
-- Data for Name: buyer_ratings; Type: TABLE DATA; Schema: public; Owner: sagarroy
--

COPY public.buyer_ratings (id, user_id, overall_score, grade, credit_score, down_payment_percentage, income_stability_score, debt_to_income_ratio, breakdown, improvement_tips, created_at, updated_at) FROM stdin;
1	6	57.00	C	\N	\N	\N	\N	[{"score": 50, "weight": 40, "category": "Credit Rating"}, {"score": 50, "weight": 30, "category": "Down Payment"}, {"score": 60, "weight": 20, "category": "Income Stability"}, {"score": 100, "weight": 10, "category": "Debt-to-Income"}]	{"Improve your credit score by paying bills on time and reducing credit card balances","Increase your down payment to 20% for better terms","Longer employment history with current employer improves income stability score","A 20% down payment eliminates private mortgage insurance (PMI)"}	2025-10-07 19:02:17.175171	2025-11-01 14:27:33.431818
\.


--
-- TOC entry 4468 (class 0 OID 25824)
-- Dependencies: 272
-- Data for Name: contract_signatures; Type: TABLE DATA; Schema: public; Owner: sagarroy
--

COPY public.contract_signatures (id, contract_id, party, signed_by, signed_at, ip_address, signature_data, created_at) FROM stdin;
\.


--
-- TOC entry 4466 (class 0 OID 25799)
-- Dependencies: 270
-- Data for Name: contracts; Type: TABLE DATA; Schema: public; Owner: sagarroy
--

COPY public.contracts (id, transactions_id, contract_id, template_name, buyer_name, buyer_email, buyer_phone, buyer_address, seller_name, seller_email, seller_phone, property_address, property_legal_description, property_apn, purchase_price, earnest_money, down_payment, loan_amount, financing_type, closing_date, contingencies, inclusions, exclusions, special_provisions, attorney_review_days, pdf_path, status, generated_at, attorney_review_deadline, created_at, updated_at) FROM stdin;
21	4	CNT-1761999134490-4	California Residential Purchase Agreement	ony roy	onyroy@gmail.com	01917177562		sagar roy	sagarbd28@gmail.com	01750055946	1080 Winslow Ave, khulna, NJ 9280	multi-family property located at 1080 Winslow Ave, khulna, NJ 9280, consisting of 4 bedroom(s), 2.0 bathroom(s), approximately 1850 square feet, on a lot of 0.25 acres, built in 2020		485000.00	4850.00	97000.00	388000.00	Cash	2026-01-12	[]	["All fixtures and fittings currently attached to the property"]	[]	[]	0	/Users/sagarroy/Downloads/develop/Real-Estate-Platform/Backend/uploads/contracts/contract_CNT-1762014264213-4.pdf	generated	2025-11-01 18:12:14.484112	\N	2025-11-01 18:12:14.484112	2025-11-01 22:24:24.209741
\.


--
-- TOC entry 4454 (class 0 OID 25643)
-- Dependencies: 258
-- Data for Name: credit_check_requests; Type: TABLE DATA; Schema: public; Owner: sagarroy
--

COPY public.credit_check_requests (id, application_id, request_status, credit_score, credit_report_data, requested_at, completed_at, created_at) FROM stdin;
1	3	pending	\N	\N	2025-10-04 19:22:50.81198	\N	2025-10-04 19:22:50.81198
2	4	pending	\N	\N	2025-10-04 19:56:23.202716	\N	2025-10-04 19:56:23.202716
3	5	pending	\N	\N	2025-10-04 20:06:41.946599	\N	2025-10-04 20:06:41.946599
4	6	pending	\N	\N	2025-10-04 20:14:32.736866	\N	2025-10-04 20:14:32.736866
5	7	pending	\N	\N	2025-10-04 20:14:49.059073	\N	2025-10-04 20:14:49.059073
6	8	pending	\N	\N	2025-10-04 20:16:02.850645	\N	2025-10-04 20:16:02.850645
7	9	pending	\N	\N	2025-10-04 20:16:35.043693	\N	2025-10-04 20:16:35.043693
8	10	pending	\N	\N	2025-10-04 20:21:55.321857	\N	2025-10-04 20:21:55.321857
9	11	pending	\N	\N	2025-10-04 20:23:01.06645	\N	2025-10-04 20:23:01.06645
10	12	pending	\N	\N	2025-10-04 20:24:19.752259	\N	2025-10-04 20:24:19.752259
11	13	pending	\N	\N	2025-10-07 17:41:42.921901	\N	2025-10-07 17:41:42.921901
12	14	pending	\N	\N	2025-10-16 19:06:23.811979	\N	2025-10-16 19:06:23.811979
13	15	pending	\N	\N	2025-10-16 19:07:28.135981	\N	2025-10-16 19:07:28.135981
14	16	pending	\N	\N	2025-10-16 19:39:27.429243	\N	2025-10-16 19:39:27.429243
15	17	pending	\N	\N	2025-10-16 19:40:34.556557	\N	2025-10-16 19:40:34.556557
16	18	pending	\N	\N	2025-10-16 19:49:29.302639	\N	2025-10-16 19:49:29.302639
\.


--
-- TOC entry 4458 (class 0 OID 25672)
-- Dependencies: 262
-- Data for Name: credit_checks; Type: TABLE DATA; Schema: public; Owner: sagarroy
--

COPY public.credit_checks (id, user_id, ssn_hash, credit_rating, preliminary_approval, created_at) FROM stdin;
7	6	934a5ae410e73cbd83fa6b57880f7553f07623720f1231ce57676bfe2414121a	Needs improvement	5000.00	2025-10-06 21:32:40.92937
8	6	01a54629efb952287e554eb23ef69c52097a75aecc0e3a93ca0855ab6d7a31a0	Needs improvement	5000.00	2025-10-16 19:51:36.780042
9	6	01a54629efb952287e554eb23ef69c52097a75aecc0e3a93ca0855ab6d7a31a0	Needs improvement	5000.00	2025-10-16 19:54:17.233295
10	6	01a54629efb952287e554eb23ef69c52097a75aecc0e3a93ca0855ab6d7a31a0	Needs improvement	5000.00	2025-10-16 19:57:25.976221
11	6	01a54629efb952287e554eb23ef69c52097a75aecc0e3a93ca0855ab6d7a31a0	Needs improvement	5000.00	2025-10-16 19:59:23.036606
12	6	01a54629efb952287e554eb23ef69c52097a75aecc0e3a93ca0855ab6d7a31a0	Needs improvement	5000.00	2025-10-16 20:03:36.965709
\.


--
-- TOC entry 4431 (class 0 OID 17025)
-- Dependencies: 235
-- Data for Name: documents; Type: TABLE DATA; Schema: public; Owner: sagarroy
--

COPY public.documents (id, transaction_id, step_id, milestone_id, document_name, document_type, file_url, uploaded_by, uploaded_at, status, created_at) FROM stdin;
\.


--
-- TOC entry 4490 (class 0 OID 26381)
-- Dependencies: 294
-- Data for Name: earnest_money_audit_logs; Type: TABLE DATA; Schema: public; Owner: sagarroy
--

COPY public.earnest_money_audit_logs (id, transaction_id, user_id, action, old_status, new_status, details, ip_address, user_agent, created_at) FROM stdin;
1	2	1	verify_earnest_money	confirmation_received	verified	{"amount": "1000.00", "verified": true}	\N	\N	2025-10-25 21:28:15.895958
2	2	1	verify_earnest_money	confirmation_received	verified	{"amount": "1000.00", "verified": true}	\N	\N	2025-10-25 23:32:48.82227
3	2	1	verify_earnest_money	confirmation_received	verified	{"amount": "1000.00", "verified": true}	\N	\N	2025-10-25 23:32:53.887997
4	2	1	verify_earnest_money	confirmation_received	verified	{"amount": "1000.00", "verified": true}	\N	\N	2025-10-25 23:36:49.350365
5	2	1	verify_earnest_money	confirmation_received	verified	{"amount": "1000.00", "verified": true}	\N	\N	2025-10-25 23:45:35.247893
6	2	1	verify_earnest_money	confirmation_received	verified	{"amount": "1000.00", "verified": true}	\N	\N	2025-10-25 23:52:33.566583
7	2	1	verify_earnest_money	confirmation_received	verified	{"amount": "1000.00", "verified": true}	\N	\N	2025-10-25 23:54:48.403761
8	2	1	verify_earnest_money	confirmation_received	verified	{"amount": "1000.00", "verified": true}	\N	\N	2025-10-25 23:56:27.565329
9	2	1	verify_earnest_money	confirmation_received	verified	{"amount": "1000.00", "verified": true}	\N	\N	2025-10-26 00:01:06.995689
10	9	1	verify_earnest_money	confirmation_received	verified	{"amount": "1000.00", "verified": true}	\N	\N	2025-11-02 00:00:51.450918
11	9	1	verify_earnest_money	confirmation_received	verified	{"amount": "1000.00", "verified": true}	\N	\N	2025-11-02 00:06:42.703377
12	9	1	verify_earnest_money	confirmation_received	verified	{"amount": "1000.00", "verified": true}	\N	\N	2025-11-02 00:09:05.508398
13	9	1	verify_earnest_money	confirmation_received	verified	{"amount": "1000.00", "verified": true}	\N	\N	2025-11-02 00:11:23.483442
14	9	1	verify_earnest_money	confirmation_received	verified	{"amount": "1000.00", "verified": true}	\N	\N	2025-11-02 00:17:07.042026
15	9	1	verify_earnest_money	confirmation_received	verified	{"amount": "1000.00", "verified": true}	\N	\N	2025-11-02 00:17:09.898369
16	9	1	verify_earnest_money	confirmation_received	verified	{"amount": "1000.00", "verified": true}	\N	\N	2025-11-02 00:17:19.043079
17	9	1	verify_earnest_money	confirmation_received	verified	{"amount": "1000.00", "verified": true}	\N	\N	2025-11-02 00:18:00.719405
\.


--
-- TOC entry 4488 (class 0 OID 26349)
-- Dependencies: 292
-- Data for Name: earnest_money_escrows; Type: TABLE DATA; Schema: public; Owner: sagarroy
--

COPY public.earnest_money_escrows (id, transaction_id, buyer_id, escrow_holder_id, title_company_id, amount, percentage_of_purchase, status, received_date, release_date, release_reason, held_until_date, notes, created_at, updated_at) FROM stdin;
1	2	6	\N	2	1000.00	2.00	received	2025-10-26 00:01:06.992571	\N	\N	\N	\N	2025-10-25 21:28:15.888884	2025-10-25 21:28:15.888884
10	9	6	\N	1	1000.00	2.00	received	2025-11-02 00:18:00.716913	\N	\N	\N	\N	2025-11-02 00:00:51.443718	2025-11-02 00:00:51.443718
\.


--
-- TOC entry 4452 (class 0 OID 25627)
-- Dependencies: 256
-- Data for Name: email_notifications; Type: TABLE DATA; Schema: public; Owner: sagarroy
--

COPY public.email_notifications (id, application_id, recipient_email, subject, body, sent, sent_at, error_message, created_at) FROM stdin;
1	3	sagarbd28@gmail.com	Financial Documents Received - Pre-Approval Process	\n        <div style="font-family: Arial, sans-serif; max-width: 600px; margin: 0 auto;">\n          <h2 style="color: #2563eb;">Documents Received Successfully!</h2>\n          <p>Thank you for submitting your financial documents.</p>\n          <p><strong>Application Number:</strong> APP-MGCAZFI2-D41060</p>\n        </div>\n      	f	\N	\N	2025-10-04 19:22:50.81198
2	4	sagarbd28@gmail.com	Financial Documents Received - Pre-Approval Process	\n        <div style="font-family: Arial, sans-serif; max-width: 600px; margin: 0 auto;">\n          <h2 style="color: #2563eb;">Documents Received Successfully!</h2>\n          <p>Thank you for submitting your financial documents.</p>\n          <p><strong>Application Number:</strong> APP-MGCC6K9T-14D21C</p>\n        </div>\n      	f	\N	\N	2025-10-04 19:56:23.202716
3	5	sagarbd28@gmail.com	Financial Documents Received - Pre-Approval Process	\n        <div style="font-family: Arial, sans-serif; max-width: 600px; margin: 0 auto;">\n          <h2 style="color: #2563eb;">Documents Received Successfully!</h2>\n          <p>Thank you for submitting your financial documents.</p>\n          <p><strong>Application Number:</strong> APP-MGCCJTP5-B246BD</p>\n        </div>\n      	f	\N	\N	2025-10-04 20:06:41.946599
4	6	sagarbd28@gmail.com	Financial Documents Received - Pre-Approval Process	\n        <div style="font-family: Arial, sans-serif; max-width: 600px; margin: 0 auto;">\n          <h2 style="color: #2563eb;">Documents Received Successfully!</h2>\n          <p>Thank you for submitting your financial documents.</p>\n          <p><strong>Application Number:</strong> APP-MGCCTWYN-445A16</p>\n        </div>\n      	f	\N	\N	2025-10-04 20:14:32.736866
5	7	sagarbd28@gmail.com	Financial Documents Received - Pre-Approval Process	\n        <div style="font-family: Arial, sans-serif; max-width: 600px; margin: 0 auto;">\n          <h2 style="color: #2563eb;">Documents Received Successfully!</h2>\n          <p>Thank you for submitting your financial documents.</p>\n          <p><strong>Application Number:</strong> APP-MGCCU9K2-D8D1B0</p>\n        </div>\n      	f	\N	\N	2025-10-04 20:14:49.059073
6	8	sagarbd28@gmail.com	Financial Documents Received - Pre-Approval Process	\n        <div style="font-family: Arial, sans-serif; max-width: 600px; margin: 0 auto;">\n          <h2 style="color: #2563eb;">Documents Received Successfully!</h2>\n          <p>Thank you for submitting your financial documents.</p>\n          <p><strong>Application Number:</strong> APP-MGCCVUHT-B45722</p>\n        </div>\n      	f	\N	\N	2025-10-04 20:16:02.850645
7	9	sagarbd28@gmail.com	Financial Documents Received - Pre-Approval Process	\n        <div style="font-family: Arial, sans-serif; max-width: 600px; margin: 0 auto;">\n          <h2 style="color: #2563eb;">Documents Received Successfully!</h2>\n          <p>Thank you for submitting your financial documents.</p>\n          <p><strong>Application Number:</strong> APP-MGCCWJC3-7F0949</p>\n        </div>\n      	f	\N	\N	2025-10-04 20:16:35.043693
8	10	sagarbd28@gmail.com	Financial Documents Received - Pre-Approval Process	\n        <div style="font-family: Arial, sans-serif; max-width: 600px; margin: 0 auto;">\n          <h2 style="color: #2563eb;">Documents Received Successfully!</h2>\n          <p>Thank you for submitting your financial documents.</p>\n          <p><strong>Application Number:</strong> APP-MGCD3EGP-792071</p>\n        </div>\n      	f	\N	\N	2025-10-04 20:21:55.321857
9	11	sagarbd28@gmail.com	Financial Documents Received - Pre-Approval Process	\n        <div style="font-family: Arial, sans-serif; max-width: 600px; margin: 0 auto;">\n          <h2 style="color: #2563eb;">Documents Received Successfully!</h2>\n          <p>Thank you for submitting your financial documents.</p>\n          <p><strong>Application Number:</strong> APP-MGCD4T6X-ADCE67</p>\n        </div>\n      	f	\N	\N	2025-10-04 20:23:01.06645
10	12	sagarbd28@gmail.com	Financial Documents Received - Pre-Approval Process	\n        <div style="font-family: Arial, sans-serif; max-width: 600px; margin: 0 auto;">\n          <h2 style="color: #2563eb;">Documents Received Successfully!</h2>\n          <p>Thank you for submitting your financial documents.</p>\n          <p><strong>Application Number:</strong> APP-MGCD6HWN-FEDE52</p>\n        </div>\n      	f	\N	\N	2025-10-04 20:24:19.752259
11	4	sagarbd28@gmail.com	Application APP-MGCC6K9T-14D21C - Status Update	Your application status has been updated to: approved	f	\N	\N	2025-10-06 16:08:21.9499
12	4	sagarbd28@gmail.com	Application APP-MGCC6K9T-14D21C - Status Update	Your application status has been updated to: approved	f	\N	\N	2025-10-06 16:08:48.381203
13	3	sagarbd28@gmail.com	Application APP-MGCAZFI2-D41060 - Status Update	Your application status has been updated to: approved	f	\N	\N	2025-10-06 16:16:34.557795
14	13	onyroy@gmail.com	Financial Documents Received - Pre-Approval Process	\n        <div style="font-family: Arial, sans-serif; max-width: 600px; margin: 0 auto;">\n          <h2 style="color: #2563eb;">Documents Received Successfully!</h2>\n          <p>Thank you for submitting your financial documents.</p>\n          <p><strong>Application Number:</strong> APP-MGGHOXHK-F9F283</p>\n        </div>\n      	f	\N	\N	2025-10-07 17:41:42.921901
15	14	onyroy@gmail.com	Financial Documents Received - Pre-Approval Process	\n        <div style="font-family: Arial, sans-serif; max-width: 600px; margin: 0 auto;">\n          <h2 style="color: #2563eb;">Documents Received Successfully!</h2>\n          <p>Thank you for submitting your financial documents.</p>\n          <p><strong>Application Number:</strong> APP-MGTFOHXE-D8E98F</p>\n        </div>\n      	f	\N	\N	2025-10-16 19:06:23.811979
16	15	onyroy@gmail.com	Financial Documents Received - Pre-Approval Process	\n        <div style="font-family: Arial, sans-serif; max-width: 600px; margin: 0 auto;">\n          <h2 style="color: #2563eb;">Documents Received Successfully!</h2>\n          <p>Thank you for submitting your financial documents.</p>\n          <p><strong>Application Number:</strong> APP-MGTFPVK7-231E36</p>\n        </div>\n      	f	\N	\N	2025-10-16 19:07:28.135981
17	16	onyroy@gmail.com	Financial Documents Received - Pre-Approval Process	\n        <div style="font-family: Arial, sans-serif; max-width: 600px; margin: 0 auto;">\n          <h2 style="color: #2563eb;">Documents Received Successfully!</h2>\n          <p>Thank you for submitting your financial documents.</p>\n          <p><strong>Application Number:</strong> APP-MGTGV0HW-C1ADBB</p>\n        </div>\n      	f	\N	\N	2025-10-16 19:39:27.429243
18	17	onyroy@gmail.com	Financial Documents Received - Pre-Approval Process	\n        <div style="font-family: Arial, sans-serif; max-width: 600px; margin: 0 auto;">\n          <h2 style="color: #2563eb;">Documents Received Successfully!</h2>\n          <p>Thank you for submitting your financial documents.</p>\n          <p><strong>Application Number:</strong> APP-MGTGWGAJ-9F2BA2</p>\n        </div>\n      	f	\N	\N	2025-10-16 19:40:34.556557
19	18	onyroy@gmail.com	Financial Documents Received - Pre-Approval Process	\n        <div style="font-family: Arial, sans-serif; max-width: 600px; margin: 0 auto;">\n          <h2 style="color: #2563eb;">Documents Received Successfully!</h2>\n          <p>Thank you for submitting your financial documents.</p>\n          <p><strong>Application Number:</strong> APP-MGTH7WWL-E51E40</p>\n        </div>\n      	f	\N	\N	2025-10-16 19:49:29.302639
\.


--
-- TOC entry 4464 (class 0 OID 25721)
-- Dependencies: 268
-- Data for Name: esign_documents; Type: TABLE DATA; Schema: public; Owner: sagarroy
--

COPY public.esign_documents (id, letter_date, buyer_type, buyer_name, buyer_address, buyer_city, buyer_state, buyer_zip, additional_buyer, seller_type, seller_name, seller_address, seller_city, seller_state, seller_zip, additional_seller, property_address, property_city, property_state, legal_desc_location, legal_description, property_restrictions, include_fixtures, included_items, excluded_items, deed_type, purchase_price, deposit_amount, possession_date, require_financing, financing_amount, interest_rate, financing_years, sale_contingency, release_conditions, conditions_date, exclusive_negotiation, stand_still, stand_still_end_date, additional_provisions, created_at, updated_at, user_id, status, offer_id) FROM stdin;
20	2025-09-20	company	asd	asd	asd	asd	23423	f	individual	sdfsd	sdf	sddf	sfd	23423	f	sfs	sdf	sdf	letter	sdf	yes	yes	sdfsdf	sdfsdf	warranty	234234.00	324.00	2025-09-20	yes	2342.00	4.50	30	yes	yes	2025-09-20	yes	yes	2025-09-20	hi this is sagar 	2025-10-11 17:52:14.946481	2025-10-11 17:52:14.946481	6	draft	11
\.


--
-- TOC entry 4446 (class 0 OID 25573)
-- Dependencies: 250
-- Data for Name: financial_applications; Type: TABLE DATA; Schema: public; Owner: sagarroy
--

COPY public.financial_applications (id, user_id, application_number, status, annual_income, monthly_debt, down_payment, debt_to_income_ratio, credit_score, approved_amount, next_step, submitted_at, reviewed_at, approved_at, rejected_at, rejection_reason, created_at, updated_at, employment_duration_months, down_payment_percentage, income_stability_score) FROM stdin;
5	\N	APP-MGCCJTP5-B246BD	pending_review	200.00	200.00	200.00	\N	\N	\N	credit_check	2025-10-04 20:06:41.946599	\N	\N	\N	\N	2025-10-04 20:06:41.946599	2025-10-04 20:06:41.946599	\N	\N	\N
6	\N	APP-MGCCTWYN-445A16	pending_review	200.00	200.00	200.00	\N	\N	\N	credit_check	2025-10-04 20:14:32.736866	\N	\N	\N	\N	2025-10-04 20:14:32.736866	2025-10-04 20:14:32.736866	\N	\N	\N
7	\N	APP-MGCCU9K2-D8D1B0	pending_review	200.00	200.00	200.00	\N	\N	\N	credit_check	2025-10-04 20:14:49.059073	\N	\N	\N	\N	2025-10-04 20:14:49.059073	2025-10-04 20:14:49.059073	\N	\N	\N
8	\N	APP-MGCCVUHT-B45722	pending_review	200.00	200.00	200.00	\N	\N	\N	credit_check	2025-10-04 20:16:02.850645	\N	\N	\N	\N	2025-10-04 20:16:02.850645	2025-10-04 20:16:02.850645	\N	\N	\N
9	\N	APP-MGCCWJC3-7F0949	pending_review	200.00	200.00	200.00	\N	\N	\N	credit_check	2025-10-04 20:16:35.043693	\N	\N	\N	\N	2025-10-04 20:16:35.043693	2025-10-04 20:16:35.043693	\N	\N	\N
10	\N	APP-MGCD3EGP-792071	pending_review	200.00	200.00	200.00	\N	\N	\N	credit_check	2025-10-04 20:21:55.321857	\N	\N	\N	\N	2025-10-04 20:21:55.321857	2025-10-04 20:21:55.321857	\N	\N	\N
11	\N	APP-MGCD4T6X-ADCE67	pending_review	200.00	200.00	200.00	\N	\N	\N	credit_check	2025-10-04 20:23:01.06645	\N	\N	\N	\N	2025-10-04 20:23:01.06645	2025-10-04 20:23:01.06645	\N	\N	\N
12	\N	APP-MGCD6HWN-FEDE52	pending_review	200.00	200.00	200.00	\N	\N	\N	credit_check	2025-10-04 20:24:19.752259	\N	\N	\N	\N	2025-10-04 20:24:19.752259	2025-10-04 20:24:19.752259	\N	\N	\N
3	3	APP-MGCAZFI2-D41060	approved	200.00	200.00	200.00	\N	\N	4533.00	credit_check	2025-10-04 19:22:50.81198	\N	2025-10-06 16:16:34.557795	\N	\N	2025-10-04 19:22:50.81198	2025-10-06 16:16:34.557795	\N	\N	\N
4	6	APP-MGCC6K9T-14D21C	approved	200.00	200.00	200.00	\N	\N	2342.00	credit_check	2025-10-04 19:56:23.202716	\N	2025-10-06 16:08:48.381203	\N	\N	2025-10-04 19:56:23.202716	2025-10-06 16:08:48.381203	\N	\N	\N
13	6	APP-MGGHOXHK-F9F283	pending_review	2500.00	250.00	254.00	\N	\N	\N	credit_check	2025-10-07 17:41:42.921901	\N	\N	\N	\N	2025-10-07 17:41:42.921901	2025-10-07 17:41:42.921901	\N	\N	\N
14	6	APP-MGTFOHXE-D8E98F	pending_review	1564.00	55.00	5656.00	\N	\N	\N	credit_check	2025-10-16 19:06:23.811979	\N	\N	\N	\N	2025-10-16 19:06:23.811979	2025-10-16 19:06:23.811979	\N	\N	\N
15	6	APP-MGTFPVK7-231E36	pending_review	200.00	2000.00	2000.00	\N	\N	\N	credit_check	2025-10-16 19:07:28.135981	\N	\N	\N	\N	2025-10-16 19:07:28.135981	2025-10-16 19:07:28.135981	\N	\N	\N
16	6	APP-MGTGV0HW-C1ADBB	pending_review	300.00	230.00	333.00	\N	\N	\N	credit_check	2025-10-16 19:39:27.429243	\N	\N	\N	\N	2025-10-16 19:39:27.429243	2025-10-16 19:39:27.429243	\N	\N	\N
17	6	APP-MGTGWGAJ-9F2BA2	pending_review	300.00	230.00	333.00	\N	\N	\N	credit_check	2025-10-16 19:40:34.556557	\N	\N	\N	\N	2025-10-16 19:40:34.556557	2025-10-16 19:40:34.556557	\N	\N	\N
18	6	APP-MGTH7WWL-E51E40	pending_review	200.00	200.00	200.00	\N	\N	\N	credit_check	2025-10-16 19:49:29.302639	\N	\N	\N	\N	2025-10-16 19:49:29.302639	2025-10-16 19:49:29.302639	\N	\N	\N
\.


--
-- TOC entry 4448 (class 0 OID 25594)
-- Dependencies: 252
-- Data for Name: financial_documents; Type: TABLE DATA; Schema: public; Owner: sagarroy
--

COPY public.financial_documents (id, application_id, document_type, original_filename, stored_filename, file_path, file_size, mime_type, is_verified, is_virus_scanned, virus_scan_result, extracted_data, uploaded_at, verified_at, created_at) FROM stdin;
5	3	pay_stub	152752405.jpg	1759584170377-d48a2830-152752405.jpg	/Users/sagarroy/Downloads/develop/Real-Estate-Platform/Backend/routes/uploads/0a33c89f1fb5c894/1759584170377-d48a2830-152752405.jpg	49911	image/jpeg	f	t	\N	\N	2025-10-04 19:22:50.81198	\N	2025-10-04 19:22:50.81198
6	3	bank_statement	Result 1-1-1.pdf	1759584170378-732626f2-Result_1-1-1.pdf	/Users/sagarroy/Downloads/develop/Real-Estate-Platform/Backend/routes/uploads/131917cd1cb13707/1759584170378-732626f2-Result_1-1-1.pdf	10073851	application/pdf	f	t	\N	\N	2025-10-04 19:22:50.81198	\N	2025-10-04 19:22:50.81198
7	3	tax_return	POD_2260081235-1.pdf	1759584170398-aa439ab8-POD_2260081235-1.pdf	/Users/sagarroy/Downloads/develop/Real-Estate-Platform/Backend/routes/uploads/6eed1a3b59578197/1759584170398-aa439ab8-POD_2260081235-1.pdf	9201	application/pdf	f	t	\N	\N	2025-10-04 19:22:50.81198	\N	2025-10-04 19:22:50.81198
8	3	driver_license	Result 1-1-2.pdf	1759584170398-81eed467-Result_1-1-2.pdf	/Users/sagarroy/Downloads/develop/Real-Estate-Platform/Backend/routes/uploads/3a3b739aa5216c84/1759584170398-81eed467-Result_1-1-2.pdf	10073851	application/pdf	f	t	\N	\N	2025-10-04 19:22:50.81198	\N	2025-10-04 19:22:50.81198
9	4	pay_stub	152752405.jpg	1759586182765-494a24e5-152752405.jpg	/Users/sagarroy/Downloads/develop/Real-Estate-Platform/Backend/routes/uploads/bea54b5b8d99ffbf/1759586182765-494a24e5-152752405.jpg	49911	image/jpeg	f	t	\N	\N	2025-10-04 19:56:23.202716	\N	2025-10-04 19:56:23.202716
10	4	bank_statement	Result 1-1-1.pdf	1759586182766-be86eaec-Result_1-1-1.pdf	/Users/sagarroy/Downloads/develop/Real-Estate-Platform/Backend/routes/uploads/09371746c4c642f6/1759586182766-be86eaec-Result_1-1-1.pdf	10073851	application/pdf	f	t	\N	\N	2025-10-04 19:56:23.202716	\N	2025-10-04 19:56:23.202716
11	4	tax_return	POD_2260081235-1.pdf	1759586182787-27196270-POD_2260081235-1.pdf	/Users/sagarroy/Downloads/develop/Real-Estate-Platform/Backend/routes/uploads/22a1d361a91c3f2d/1759586182787-27196270-POD_2260081235-1.pdf	9201	application/pdf	f	t	\N	\N	2025-10-04 19:56:23.202716	\N	2025-10-04 19:56:23.202716
12	4	driver_license	Result 1-1-2.pdf	1759586182788-f59059e7-Result_1-1-2.pdf	/Users/sagarroy/Downloads/develop/Real-Estate-Platform/Backend/routes/uploads/d670267ec64aaae0/1759586182788-f59059e7-Result_1-1-2.pdf	10073851	application/pdf	f	t	\N	\N	2025-10-04 19:56:23.202716	\N	2025-10-04 19:56:23.202716
13	5	pay_stub	152752405.jpg	1759586801509-8c092d44-152752405.jpg	/Users/sagarroy/Downloads/develop/Real-Estate-Platform/Backend/routes/uploads/c65d1a8dcdbad800/1759586801509-8c092d44-152752405.jpg	49911	image/jpeg	f	t	\N	\N	2025-10-04 20:06:41.946599	\N	2025-10-04 20:06:41.946599
14	5	bank_statement	Result 1-1-1.pdf	1759586801511-1fa9a6e3-Result_1-1-1.pdf	/Users/sagarroy/Downloads/develop/Real-Estate-Platform/Backend/routes/uploads/3f94aecc651abf9e/1759586801511-1fa9a6e3-Result_1-1-1.pdf	10073851	application/pdf	f	t	\N	\N	2025-10-04 20:06:41.946599	\N	2025-10-04 20:06:41.946599
15	5	tax_return	POD_2260081235-1.pdf	1759586801533-42cf2550-POD_2260081235-1.pdf	/Users/sagarroy/Downloads/develop/Real-Estate-Platform/Backend/routes/uploads/3d256d08efbae739/1759586801533-42cf2550-POD_2260081235-1.pdf	9201	application/pdf	f	t	\N	\N	2025-10-04 20:06:41.946599	\N	2025-10-04 20:06:41.946599
16	5	driver_license	Result 1-1-2.pdf	1759586801533-6e7f0025-Result_1-1-2.pdf	/Users/sagarroy/Downloads/develop/Real-Estate-Platform/Backend/routes/uploads/9db543ddffd4d920/1759586801533-6e7f0025-Result_1-1-2.pdf	10073851	application/pdf	f	t	\N	\N	2025-10-04 20:06:41.946599	\N	2025-10-04 20:06:41.946599
17	6	pay_stub	152752405.jpg	1759587272296-2bfbe4ac-152752405.jpg	/Users/sagarroy/Downloads/develop/Real-Estate-Platform/Backend/routes/uploads/10542b90450630a9/1759587272296-2bfbe4ac-152752405.jpg	49911	image/jpeg	f	t	\N	\N	2025-10-04 20:14:32.736866	\N	2025-10-04 20:14:32.736866
18	6	bank_statement	Result 1-1-1.pdf	1759587272298-c54a05eb-Result_1-1-1.pdf	/Users/sagarroy/Downloads/develop/Real-Estate-Platform/Backend/routes/uploads/8cab1a322d4b574c/1759587272298-c54a05eb-Result_1-1-1.pdf	10073851	application/pdf	f	t	\N	\N	2025-10-04 20:14:32.736866	\N	2025-10-04 20:14:32.736866
19	6	tax_return	POD_2260081235-1.pdf	1759587272318-3c4730c0-POD_2260081235-1.pdf	/Users/sagarroy/Downloads/develop/Real-Estate-Platform/Backend/routes/uploads/3acc10a3e785f1c6/1759587272318-3c4730c0-POD_2260081235-1.pdf	9201	application/pdf	f	t	\N	\N	2025-10-04 20:14:32.736866	\N	2025-10-04 20:14:32.736866
20	6	driver_license	Result 1-1-2.pdf	1759587272319-32524597-Result_1-1-2.pdf	/Users/sagarroy/Downloads/develop/Real-Estate-Platform/Backend/routes/uploads/11f444464ddf3937/1759587272319-32524597-Result_1-1-2.pdf	10073851	application/pdf	f	t	\N	\N	2025-10-04 20:14:32.736866	\N	2025-10-04 20:14:32.736866
21	7	pay_stub	152752405.jpg	1759587288622-91fc2749-152752405.jpg	/Users/sagarroy/Downloads/develop/Real-Estate-Platform/Backend/routes/uploads/c248a43aca9d39c5/1759587288622-91fc2749-152752405.jpg	49911	image/jpeg	f	t	\N	\N	2025-10-04 20:14:49.059073	\N	2025-10-04 20:14:49.059073
22	7	bank_statement	Result 1-1-1.pdf	1759587288623-6d73257a-Result_1-1-1.pdf	/Users/sagarroy/Downloads/develop/Real-Estate-Platform/Backend/routes/uploads/85d50f42a991a4ce/1759587288623-6d73257a-Result_1-1-1.pdf	10073851	application/pdf	f	t	\N	\N	2025-10-04 20:14:49.059073	\N	2025-10-04 20:14:49.059073
23	7	tax_return	POD_2260081235-1.pdf	1759587288643-4f250544-POD_2260081235-1.pdf	/Users/sagarroy/Downloads/develop/Real-Estate-Platform/Backend/routes/uploads/3c53575f5ff44c22/1759587288643-4f250544-POD_2260081235-1.pdf	9201	application/pdf	f	t	\N	\N	2025-10-04 20:14:49.059073	\N	2025-10-04 20:14:49.059073
24	7	driver_license	Result 1-1-2.pdf	1759587288643-db1d676b-Result_1-1-2.pdf	/Users/sagarroy/Downloads/develop/Real-Estate-Platform/Backend/routes/uploads/6817419b4d005259/1759587288643-db1d676b-Result_1-1-2.pdf	10073851	application/pdf	f	t	\N	\N	2025-10-04 20:14:49.059073	\N	2025-10-04 20:14:49.059073
25	8	pay_stub	152752405.jpg	1759587362415-5f01747e-152752405.jpg	/Users/sagarroy/Downloads/develop/Real-Estate-Platform/Backend/routes/uploads/04b4101e2d94dfa8/1759587362415-5f01747e-152752405.jpg	49911	image/jpeg	f	t	\N	\N	2025-10-04 20:16:02.850645	\N	2025-10-04 20:16:02.850645
26	8	bank_statement	Result 1-1-1.pdf	1759587362415-4446284f-Result_1-1-1.pdf	/Users/sagarroy/Downloads/develop/Real-Estate-Platform/Backend/routes/uploads/581d573e53d41e6a/1759587362415-4446284f-Result_1-1-1.pdf	10073851	application/pdf	f	t	\N	\N	2025-10-04 20:16:02.850645	\N	2025-10-04 20:16:02.850645
27	8	tax_return	POD_2260081235-1.pdf	1759587362432-1f7d6164-POD_2260081235-1.pdf	/Users/sagarroy/Downloads/develop/Real-Estate-Platform/Backend/routes/uploads/7654113df0649588/1759587362432-1f7d6164-POD_2260081235-1.pdf	9201	application/pdf	f	t	\N	\N	2025-10-04 20:16:02.850645	\N	2025-10-04 20:16:02.850645
28	8	driver_license	Result 1-1-2.pdf	1759587362432-c31366ea-Result_1-1-2.pdf	/Users/sagarroy/Downloads/develop/Real-Estate-Platform/Backend/routes/uploads/41d7b62b6065f048/1759587362432-c31366ea-Result_1-1-2.pdf	10073851	application/pdf	f	t	\N	\N	2025-10-04 20:16:02.850645	\N	2025-10-04 20:16:02.850645
29	9	pay_stub	152752405.jpg	1759587394586-da0f8c02-152752405.jpg	/Users/sagarroy/Downloads/develop/Real-Estate-Platform/Backend/routes/uploads/5bcfe6d69e83a2b1/1759587394586-da0f8c02-152752405.jpg	49911	image/jpeg	f	t	\N	\N	2025-10-04 20:16:35.043693	\N	2025-10-04 20:16:35.043693
30	9	bank_statement	Result 1-1-1.pdf	1759587394586-6ea2b5ed-Result_1-1-1.pdf	/Users/sagarroy/Downloads/develop/Real-Estate-Platform/Backend/routes/uploads/2e82db71562e431b/1759587394586-6ea2b5ed-Result_1-1-1.pdf	10073851	application/pdf	f	t	\N	\N	2025-10-04 20:16:35.043693	\N	2025-10-04 20:16:35.043693
31	9	tax_return	POD_2260081235-1.pdf	1759587394619-b5679f96-POD_2260081235-1.pdf	/Users/sagarroy/Downloads/develop/Real-Estate-Platform/Backend/routes/uploads/33e346d40aa62d3f/1759587394619-b5679f96-POD_2260081235-1.pdf	9201	application/pdf	f	t	\N	\N	2025-10-04 20:16:35.043693	\N	2025-10-04 20:16:35.043693
32	9	driver_license	Result 1-1-2.pdf	1759587394619-3bc57377-Result_1-1-2.pdf	/Users/sagarroy/Downloads/develop/Real-Estate-Platform/Backend/routes/uploads/cd18a1efd63c8653/1759587394619-3bc57377-Result_1-1-2.pdf	10073851	application/pdf	f	t	\N	\N	2025-10-04 20:16:35.043693	\N	2025-10-04 20:16:35.043693
33	10	pay_stub	152752405.jpg	1759587714876-5af65edc-152752405.jpg	/Users/sagarroy/Downloads/develop/Real-Estate-Platform/Backend/routes/uploads/60f5767e4a4ebbdb/1759587714876-5af65edc-152752405.jpg	49911	image/jpeg	f	t	\N	\N	2025-10-04 20:21:55.321857	\N	2025-10-04 20:21:55.321857
34	10	bank_statement	Result 1-1-1.pdf	1759587714876-26b8d356-Result_1-1-1.pdf	/Users/sagarroy/Downloads/develop/Real-Estate-Platform/Backend/routes/uploads/ab55d75d6e9a7ec3/1759587714876-26b8d356-Result_1-1-1.pdf	10073851	application/pdf	f	t	\N	\N	2025-10-04 20:21:55.321857	\N	2025-10-04 20:21:55.321857
35	10	tax_return	POD_2260081235-1.pdf	1759587714895-5dfcfd07-POD_2260081235-1.pdf	/Users/sagarroy/Downloads/develop/Real-Estate-Platform/Backend/routes/uploads/9cb9ffee164c4be5/1759587714895-5dfcfd07-POD_2260081235-1.pdf	9201	application/pdf	f	t	\N	\N	2025-10-04 20:21:55.321857	\N	2025-10-04 20:21:55.321857
36	10	driver_license	Result 1-1-2.pdf	1759587714895-6bcf409b-Result_1-1-2.pdf	/Users/sagarroy/Downloads/develop/Real-Estate-Platform/Backend/routes/uploads/679ec32b085b6242/1759587714895-6bcf409b-Result_1-1-2.pdf	10073851	application/pdf	f	t	\N	\N	2025-10-04 20:21:55.321857	\N	2025-10-04 20:21:55.321857
37	11	pay_stub	152752405.jpg	1759587780623-c5d8d7d7-152752405.jpg	/Users/sagarroy/Downloads/develop/Real-Estate-Platform/Backend/routes/uploads/b127833940322ac4/1759587780623-c5d8d7d7-152752405.jpg	49911	image/jpeg	f	t	\N	\N	2025-10-04 20:23:01.06645	\N	2025-10-04 20:23:01.06645
38	11	bank_statement	Result 1-1-1.pdf	1759587780623-36b560ed-Result_1-1-1.pdf	/Users/sagarroy/Downloads/develop/Real-Estate-Platform/Backend/routes/uploads/8c741f4fe10cc247/1759587780623-36b560ed-Result_1-1-1.pdf	10073851	application/pdf	f	t	\N	\N	2025-10-04 20:23:01.06645	\N	2025-10-04 20:23:01.06645
39	11	tax_return	POD_2260081235-1.pdf	1759587780646-d5a8ab52-POD_2260081235-1.pdf	/Users/sagarroy/Downloads/develop/Real-Estate-Platform/Backend/routes/uploads/311ae0f355fdecd8/1759587780646-d5a8ab52-POD_2260081235-1.pdf	9201	application/pdf	f	t	\N	\N	2025-10-04 20:23:01.06645	\N	2025-10-04 20:23:01.06645
40	11	driver_license	Result 1-1-2.pdf	1759587780646-a6763f6c-Result_1-1-2.pdf	/Users/sagarroy/Downloads/develop/Real-Estate-Platform/Backend/routes/uploads/049ef997655d68b5/1759587780646-a6763f6c-Result_1-1-2.pdf	10073851	application/pdf	f	t	\N	\N	2025-10-04 20:23:01.06645	\N	2025-10-04 20:23:01.06645
41	12	pay_stub	MV5BY2M3YTVhYjEtNWNlMC00N2I5LWIyOGQtZTA0YzZmNjIyYjBjXkEyXkFqcGc@._V1_FMjpg_UX1000_.jpg	1759587859341-b824991e-MV5BY2M3YTVhYjEtNWNlMC00N2I5LWIyOGQtZTA0YzZmNjIyYjBjXkEyXkFqcGc_._V1_FMjpg_UX1000_.jpg	/Users/sagarroy/Downloads/develop/Real-Estate-Platform/Backend/routes/uploads/13bf1eb8c7139842/1759587859341-b824991e-MV5BY2M3YTVhYjEtNWNlMC00N2I5LWIyOGQtZTA0YzZmNjIyYjBjXkEyXkFqcGc_._V1_FMjpg_UX1000_.jpg	163738	image/jpeg	f	t	\N	\N	2025-10-04 20:24:19.752259	\N	2025-10-04 20:24:19.752259
42	12	bank_statement	images.jpg	1759587859342-b9afbaa0-images.jpg	/Users/sagarroy/Downloads/develop/Real-Estate-Platform/Backend/routes/uploads/1ff020ee5941fedf/1759587859342-b9afbaa0-images.jpg	8814	image/jpeg	f	t	\N	\N	2025-10-04 20:24:19.752259	\N	2025-10-04 20:24:19.752259
43	12	tax_return	Return-717605429253.pdf	1759587859342-8af7887b-Return-717605429253.pdf	/Users/sagarroy/Downloads/develop/Real-Estate-Platform/Backend/routes/uploads/a82c8528ae9f7c7d/1759587859342-8af7887b-Return-717605429253.pdf	2285820	application/pdf	f	t	\N	\N	2025-10-04 20:24:19.752259	\N	2025-10-04 20:24:19.752259
44	12	driver_license	payment_24460203463670468.pdf	1759587859347-773aa6bb-payment_24460203463670468.pdf	/Users/sagarroy/Downloads/develop/Real-Estate-Platform/Backend/routes/uploads/0882d8dc11bbd2a5/1759587859347-773aa6bb-payment_24460203463670468.pdf	23882	application/pdf	f	t	\N	\N	2025-10-04 20:24:19.752259	\N	2025-10-04 20:24:19.752259
45	13	pay_stub	images.jpg	1759837302502-e13e5ef5-images.jpg	/Users/sagarroy/Downloads/develop/Real-Estate-Platform/Backend/routes/uploads/35b9f0762ba2d70d/1759837302502-e13e5ef5-images.jpg	18685	image/jpeg	f	t	\N	\N	2025-10-07 17:41:42.921901	\N	2025-10-07 17:41:42.921901
46	13	bank_statement	images.jpg	1759837302504-17d85ed5-images.jpg	/Users/sagarroy/Downloads/develop/Real-Estate-Platform/Backend/routes/uploads/86928220ba6a0af3/1759837302504-17d85ed5-images.jpg	18685	image/jpeg	f	t	\N	\N	2025-10-07 17:41:42.921901	\N	2025-10-07 17:41:42.921901
47	13	tax_return	Return-71760542925325.pdf	1759837302503-7bc1badc-Return-71760542925325.pdf	/Users/sagarroy/Downloads/develop/Real-Estate-Platform/Backend/routes/uploads/b49569acc2e37994/1759837302503-7bc1badc-Return-71760542925325.pdf	1797517	application/pdf	f	t	\N	\N	2025-10-07 17:41:42.921901	\N	2025-10-07 17:41:42.921901
48	13	driver_license	ucWYixRZBvqoXOM83LdmSSn45na.jpg	1759837302514-556d36a8-ucWYixRZBvqoXOM83LdmSSn45na.jpg	/Users/sagarroy/Downloads/develop/Real-Estate-Platform/Backend/routes/uploads/ac1eac261862b7ff/1759837302514-556d36a8-ucWYixRZBvqoXOM83LdmSSn45na.jpg	101142	image/jpeg	f	t	\N	\N	2025-10-07 17:41:42.921901	\N	2025-10-07 17:41:42.921901
49	14	pay_stub	E_REGISTRATION_CERTIFICATE-3.pdf	1760619983392-156a44d2-E_REGISTRATION_CERTIFICATE-3.pdf	/Users/sagarroy/Downloads/develop/Real-Estate-Platform/Backend/routes/uploads/9b6ea11896fb9f5f/1760619983392-156a44d2-E_REGISTRATION_CERTIFICATE-3.pdf	996913	application/pdf	f	t	\N	\N	2025-10-16 19:06:23.811979	\N	2025-10-16 19:06:23.811979
50	14	bank_statement	E_REGISTRATION_CERTIFICATE-3.pdf	1760619983397-4b636d3e-E_REGISTRATION_CERTIFICATE-3.pdf	/Users/sagarroy/Downloads/develop/Real-Estate-Platform/Backend/routes/uploads/e2b5eee1d382c6f2/1760619983397-4b636d3e-E_REGISTRATION_CERTIFICATE-3.pdf	996913	application/pdf	f	t	\N	\N	2025-10-16 19:06:23.811979	\N	2025-10-16 19:06:23.811979
51	14	tax_return	E_REGISTRATION_CERTIFICATE-3.pdf	1760619983401-512c9532-E_REGISTRATION_CERTIFICATE-3.pdf	/Users/sagarroy/Downloads/develop/Real-Estate-Platform/Backend/routes/uploads/b102517347a76279/1760619983401-512c9532-E_REGISTRATION_CERTIFICATE-3.pdf	996913	application/pdf	f	t	\N	\N	2025-10-16 19:06:23.811979	\N	2025-10-16 19:06:23.811979
52	14	driver_license	E_REGISTRATION_CERTIFICATE-3.pdf	1760619983403-d5b23d4d-E_REGISTRATION_CERTIFICATE-3.pdf	/Users/sagarroy/Downloads/develop/Real-Estate-Platform/Backend/routes/uploads/909a3bb5a367bb9d/1760619983403-d5b23d4d-E_REGISTRATION_CERTIFICATE-3.pdf	996913	application/pdf	f	t	\N	\N	2025-10-16 19:06:23.811979	\N	2025-10-16 19:06:23.811979
53	15	pay_stub	driving licence.pdf	1760620047726-c548e683-driving_licence.pdf	/Users/sagarroy/Downloads/develop/Real-Estate-Platform/Backend/routes/uploads/d66d0407d0bea9a5/1760620047726-c548e683-driving_licence.pdf	318534	application/pdf	f	t	\N	\N	2025-10-16 19:07:28.135981	\N	2025-10-16 19:07:28.135981
54	15	bank_statement	driving licence.pdf	1760620047729-baed24f2-driving_licence.pdf	/Users/sagarroy/Downloads/develop/Real-Estate-Platform/Backend/routes/uploads/33385963a99061a2/1760620047729-baed24f2-driving_licence.pdf	318534	application/pdf	f	t	\N	\N	2025-10-16 19:07:28.135981	\N	2025-10-16 19:07:28.135981
55	15	tax_return	driving licence.pdf	1760620047730-a64b4993-driving_licence.pdf	/Users/sagarroy/Downloads/develop/Real-Estate-Platform/Backend/routes/uploads/05ab0c48e19d3959/1760620047730-a64b4993-driving_licence.pdf	318534	application/pdf	f	t	\N	\N	2025-10-16 19:07:28.135981	\N	2025-10-16 19:07:28.135981
56	15	driver_license	driving licence.pdf	1760620047731-1cf70716-driving_licence.pdf	/Users/sagarroy/Downloads/develop/Real-Estate-Platform/Backend/routes/uploads/2012d09467a76762/1760620047731-1cf70716-driving_licence.pdf	318534	application/pdf	f	t	\N	\N	2025-10-16 19:07:28.135981	\N	2025-10-16 19:07:28.135981
57	16	pay_stub	pre-approval-letter-2.pdf	1760621967021-a98deedc-pre-approval-letter-2.pdf	/Users/sagarroy/Downloads/develop/Real-Estate-Platform/Backend/routes/uploads/6aa2503bf54aaaac/1760621967021-a98deedc-pre-approval-letter-2.pdf	1953	application/pdf	f	t	\N	\N	2025-10-16 19:39:27.429243	\N	2025-10-16 19:39:27.429243
58	16	bank_statement	pre-approval-letter-2.pdf	1760621967021-eee8c777-pre-approval-letter-2.pdf	/Users/sagarroy/Downloads/develop/Real-Estate-Platform/Backend/routes/uploads/c5e123f992ee9ed5/1760621967021-eee8c777-pre-approval-letter-2.pdf	1953	application/pdf	f	t	\N	\N	2025-10-16 19:39:27.429243	\N	2025-10-16 19:39:27.429243
59	16	tax_return	pre-approval-letter-2.pdf	1760621967021-c73c3648-pre-approval-letter-2.pdf	/Users/sagarroy/Downloads/develop/Real-Estate-Platform/Backend/routes/uploads/41e299b29e3b35cf/1760621967021-c73c3648-pre-approval-letter-2.pdf	1953	application/pdf	f	t	\N	\N	2025-10-16 19:39:27.429243	\N	2025-10-16 19:39:27.429243
60	16	driver_license	pre-approval-letter-2.pdf	1760621967021-28ffe318-pre-approval-letter-2.pdf	/Users/sagarroy/Downloads/develop/Real-Estate-Platform/Backend/routes/uploads/4a7ce5668223698b/1760621967021-28ffe318-pre-approval-letter-2.pdf	1953	application/pdf	f	t	\N	\N	2025-10-16 19:39:27.429243	\N	2025-10-16 19:39:27.429243
61	17	pay_stub	pre-approval-letter-2.pdf	1760622034151-186558bb-pre-approval-letter-2.pdf	/Users/sagarroy/Downloads/develop/Real-Estate-Platform/Backend/routes/uploads/07147f135ab12ce7/1760622034151-186558bb-pre-approval-letter-2.pdf	1953	application/pdf	f	t	\N	\N	2025-10-16 19:40:34.556557	\N	2025-10-16 19:40:34.556557
62	17	bank_statement	pre-approval-letter-2.pdf	1760622034151-c5acafe2-pre-approval-letter-2.pdf	/Users/sagarroy/Downloads/develop/Real-Estate-Platform/Backend/routes/uploads/e410b3608748b73b/1760622034151-c5acafe2-pre-approval-letter-2.pdf	1953	application/pdf	f	t	\N	\N	2025-10-16 19:40:34.556557	\N	2025-10-16 19:40:34.556557
63	17	tax_return	pre-approval-letter-2.pdf	1760622034151-bf6bd7c5-pre-approval-letter-2.pdf	/Users/sagarroy/Downloads/develop/Real-Estate-Platform/Backend/routes/uploads/6dd70b26e77903ed/1760622034151-bf6bd7c5-pre-approval-letter-2.pdf	1953	application/pdf	f	t	\N	\N	2025-10-16 19:40:34.556557	\N	2025-10-16 19:40:34.556557
64	17	driver_license	pre-approval-letter-2.pdf	1760622034151-ff65074d-pre-approval-letter-2.pdf	/Users/sagarroy/Downloads/develop/Real-Estate-Platform/Backend/routes/uploads/31733ad81804fb60/1760622034151-ff65074d-pre-approval-letter-2.pdf	1953	application/pdf	f	t	\N	\N	2025-10-16 19:40:34.556557	\N	2025-10-16 19:40:34.556557
65	18	pay_stub	pre-approval-letter-2.pdf	1760622568896-4fc5280c-pre-approval-letter-2.pdf	/Users/sagarroy/Downloads/develop/Real-Estate-Platform/Backend/routes/uploads/544046d76459aee0/1760622568896-4fc5280c-pre-approval-letter-2.pdf	1953	application/pdf	f	t	\N	\N	2025-10-16 19:49:29.302639	\N	2025-10-16 19:49:29.302639
66	18	bank_statement	pre-approval-letter-2.pdf	1760622568896-013707b1-pre-approval-letter-2.pdf	/Users/sagarroy/Downloads/develop/Real-Estate-Platform/Backend/routes/uploads/6c84d5b0ca377e80/1760622568896-013707b1-pre-approval-letter-2.pdf	1953	application/pdf	f	t	\N	\N	2025-10-16 19:49:29.302639	\N	2025-10-16 19:49:29.302639
67	18	tax_return	pre-approval-letter-2.pdf	1760622568896-78bca66f-pre-approval-letter-2.pdf	/Users/sagarroy/Downloads/develop/Real-Estate-Platform/Backend/routes/uploads/a562ed6efac1711e/1760622568896-78bca66f-pre-approval-letter-2.pdf	1953	application/pdf	f	t	\N	\N	2025-10-16 19:49:29.302639	\N	2025-10-16 19:49:29.302639
68	18	driver_license	pre-approval-letter-2.pdf	1760622568896-5b45f582-pre-approval-letter-2.pdf	/Users/sagarroy/Downloads/develop/Real-Estate-Platform/Backend/routes/uploads/06657f0351401937/1760622568896-5b45f582-pre-approval-letter-2.pdf	1953	application/pdf	f	t	\N	\N	2025-10-16 19:49:29.302639	\N	2025-10-16 19:49:29.302639
\.


--
-- TOC entry 4416 (class 0 OID 16395)
-- Dependencies: 219
-- Data for Name: messages; Type: TABLE DATA; Schema: public; Owner: sagarroy
--

COPY public.messages (id, sender_id, recipient_id, property_id, offer_id, subject, message_body, is_read, read_at, parent_message_id, created_at) FROM stdin;
\.


--
-- TOC entry 4429 (class 0 OID 17003)
-- Dependencies: 233
-- Data for Name: milestones; Type: TABLE DATA; Schema: public; Owner: sagarroy
--

COPY public.milestones (id, transaction_id, step_id, title, description, due_date, status, milestone_type, completed_at, created_at, updated_at) FROM stdin;
\.


--
-- TOC entry 4433 (class 0 OID 17057)
-- Dependencies: 237
-- Data for Name: notifications; Type: TABLE DATA; Schema: public; Owner: sagarroy
--

COPY public.notifications (id, user_id, transaction_id, title, message, type, is_read, created_at) FROM stdin;
\.


--
-- TOC entry 4470 (class 0 OID 25855)
-- Dependencies: 274
-- Data for Name: offer_contingencies; Type: TABLE DATA; Schema: public; Owner: sagarroy
--

COPY public.offer_contingencies (id, transactions_id, user_id, state, contingencies, deadlines, offer_strength, metadata, created_at, updated_at) FROM stdin;
1	11	6	CA	{"appraisal": {"days": 17, "checked": true}, "financing": {"days": 21, "checked": true}, "inspection": {"days": 10, "checked": true}, "homeOfBuyer": {"days": 30, "checked": false}}	{"appraisal": "2025-11-05T13:44:22.092Z", "financing": "2025-11-09T13:44:22.092Z", "inspection": "2025-10-29T13:44:22.092Z"}	63	{"legalLanguages": {"appraisal": "This Agreement is contingent upon the Property appraising at or above the purchase price. If appraisal is lower, Buyer may cancel or renegotiate.", "financing": "This Agreement is contingent upon Buyer obtaining financing approval. If loan is denied, Buyer may cancel and receive return of deposit.", "inspection": "Buyer shall have the right to conduct inspections of the Property and cancel this Agreement if inspections are unsatisfactory."}}	2025-10-11 21:12:40.137119	2025-10-19 19:44:22.115626
\.


--
-- TOC entry 4418 (class 0 OID 16403)
-- Dependencies: 221
-- Data for Name: offers; Type: TABLE DATA; Schema: public; Owner: sagarroy
--

COPY public.offers (id, property_id, buyer_id, offer_amount, offer_type, financing_type, down_payment_percent, inspection_contingency, financing_contingency, appraisal_contingency, sale_contingency, contingency_details, proposed_closing_date, offer_expires, buyer_message, status, counter_amount, counter_message, counter_date, accepted_date, rejected_date, rejection_reason, created_at, updated_at, seller_response, seller_id) FROM stdin;
14	11	6	485000.00	standard	Cash	\N	t	t	f	f	\N	\N	\N	asdads	accepted	\N	\N	\N	2025-11-01 23:48:50.793877	\N	\N	2025-11-01 16:48:11.384647	2025-11-01 23:48:50.793877		3
15	11	6	485000.00	standard	Conventional	\N	f	t	f	f	\N	\N	\N	egdsgg	rejected	\N	\N	\N	2025-11-01 23:47:41.967341	\N	\N	2025-11-01 22:40:50.299673	2025-11-01 23:48:50.801576	Property sold to another buyer	3
\.


--
-- TOC entry 4435 (class 0 OID 17091)
-- Dependencies: 239
-- Data for Name: phases; Type: TABLE DATA; Schema: public; Owner: sagarroy
--

COPY public.phases (id, name, display_name, sort_order) FROM stdin;
1	preContract	Pre-Contract	1
2	contract	Contract	2
3	contingency	Contingency	3
4	financing	Financing	4
5	titleEscrow	Title & Escrow	5
6	closing	Closing	6
7	postClosing	Post-Closing	7
\.


--
-- TOC entry 4486 (class 0 OID 26323)
-- Dependencies: 290
-- Data for Name: phone_verifications; Type: TABLE DATA; Schema: public; Owner: sagarroy
--

COPY public.phone_verifications (id, transaction_id, user_id, title_company_id, verification_code, verified, verified_at, verification_method, notes, created_at, updated_at) FROM stdin;
\.


--
-- TOC entry 4460 (class 0 OID 25685)
-- Dependencies: 264
-- Data for Name: pre_approvals; Type: TABLE DATA; Schema: public; Owner: sagarroy
--

COPY public.pre_approvals (id, user_id, max_purchase_price, down_payment_required, monthly_payment_estimate, loan_amount, interest_rate, expiration_date, status, created_at, updated_at) FROM stdin;
1	6	450000.00	1329040.00	2100.00	6645.00	0.065	2025-12-15	active	2025-10-07 17:12:58.473287	2025-10-16 23:17:25.767713
\.


--
-- TOC entry 4420 (class 0 OID 16418)
-- Dependencies: 223
-- Data for Name: properties; Type: TABLE DATA; Schema: public; Owner: sagarroy
--

COPY public.properties (id, seller_id, street_address, city, state, zip_code, property_type, bedrooms, bathrooms, square_feet, lot_size, year_built, list_price, minimum_offer, property_tax_annual, hoa_fees_monthly, assessment_value, roof_year, roof_material, hvac_install_year, hvac_type, hvac_last_service, water_heater_year, water_heater_type, has_septic, septic_type, septic_last_pumped, has_solar, solar_type, solar_install_year, solar_monthly_savings, property_condition, major_repairs_needed, recent_renovations, electrical_panel_year, plumbing_updated_year, windows_replaced_year, garage_spaces, has_pool, has_fireplace, has_deck, has_basement, basement_finished, home_warranty_included, warranties_transferable, description, virtual_tour_url, allow_messages, minimum_offer_percent, status, listed_date, sold_date, sold_price, view_count, save_count, created_at, updated_at) FROM stdin;
1	3	1080 Winslow Ave	khulna	NJ	0484	house	1	1.0	1850	0.25	2020	254545.00	4500.00	12400.00	\N	\N	2025	Slate	2025	Central Air	\N	2025	\N	t	\N	\N	t	\N	\N	\N	move-in-ready	asda	\N	\N	\N	\N	0	f	f	f	f	f	f	\N	Welcome to this stunning 1-bedroom, 1-bathroom home featuring 1850 square feet of beautifully designed living space. Enjoy breathtaking ocean views from multiple rooms throughout the home. The private pool and outdoor space create the perfect setting for entertaining and relaxation. Convenient parking and storage are provided with the attached garage. This property offers an exceptional opportunity for comfortable living in a desirable location. Schedule your private tour today to experience all this home has to offer.	\N	f	50	active	2025-08-24 03:48:44.483173	\N	\N	0	0	2025-08-24 03:48:44.483173	2025-08-24 03:48:44.483173
2	3	1080 Winslow Ave	asd	NJ	084	house	3	2.5	1850	0.25	2020	323750.00	307563.00	12400.00	\N	\N	2025	Tile	2025	Heat Pump	\N	2025	Tankless	t	\N	\N	t	\N	\N	\N	move-in-ready	jgu g	\N	\N	\N	\N	0	f	f	f	f	f	f	\N	Welcome to this stunning 3-bedroom, 2.5-bathroom home featuring 1850 square feet of beautifully designed living space. Enjoy breathtaking ocean views from multiple rooms throughout the home. The private pool and outdoor space create the perfect setting for entertaining and relaxation. Convenient parking and storage are provided with the attached garage. This property offers an exceptional opportunity for comfortable living in a desirable location. Schedule your private tour today to experience all this home has to offer.	\N	f	50	active	2025-08-24 04:02:31.540957	\N	\N	0	0	2025-08-24 04:02:31.540957	2025-08-24 04:02:31.540957
3	3	1080 Winslow Ave	asd	NJ	084	house	3	2.5	1850	0.25	2020	323750.00	307563.00	12400.00	\N	\N	2025	Tile	2025	Heat Pump	\N	2025	Tankless	t	\N	\N	t	\N	\N	\N	move-in-ready	jgu g	\N	\N	\N	\N	0	f	f	f	f	f	f	\N	Welcome to this stunning 3-bedroom, 2.5-bathroom home featuring 1850 square feet of beautifully designed living space. Enjoy breathtaking ocean views from multiple rooms throughout the home. The private pool and outdoor space create the perfect setting for entertaining and relaxation. Convenient parking and storage are provided with the attached garage. This property offers an exceptional opportunity for comfortable living in a desirable location. Schedule your private tour today to experience all this home has to offer.	\N	f	50	active	2025-08-24 04:05:18.521226	\N	\N	0	0	2025-08-24 04:05:18.521226	2025-08-24 04:05:18.521226
4	3	1080 Winslow Ave	asd	NJ	084	house	3	2.5	1850	0.25	2020	323750.00	307563.00	12400.00	\N	\N	2025	Tile	2025	Heat Pump	\N	2025	Tankless	t	\N	\N	t	\N	\N	\N	move-in-ready	jgu g	\N	\N	\N	\N	0	f	f	f	f	f	f	\N	Welcome to this stunning 3-bedroom, 2.5-bathroom home featuring 1850 square feet of beautifully designed living space. Enjoy breathtaking ocean views from multiple rooms throughout the home. The private pool and outdoor space create the perfect setting for entertaining and relaxation. Convenient parking and storage are provided with the attached garage. This property offers an exceptional opportunity for comfortable living in a desirable location. Schedule your private tour today to experience all this home has to offer.	\N	f	50	active	2025-08-24 04:05:26.404752	\N	\N	0	0	2025-08-24 04:05:26.404752	2025-08-24 04:05:26.404752
5	3	1080 Winslow Ave	asd	NJ	084	house	3	2.5	1850	0.25	2020	323750.00	307563.00	12400.00	\N	\N	2025	Tile	2025	Heat Pump	\N	2025	Tankless	t	\N	\N	t	\N	\N	\N	move-in-ready	jgu g	\N	\N	\N	\N	0	f	f	f	f	f	f	\N	Welcome to this stunning 3-bedroom, 2.5-bathroom home featuring 1850 square feet of beautifully designed living space. Enjoy breathtaking ocean views from multiple rooms throughout the home. The private pool and outdoor space create the perfect setting for entertaining and relaxation. Convenient parking and storage are provided with the attached garage. This property offers an exceptional opportunity for comfortable living in a desirable location. Schedule your private tour today to experience all this home has to offer.	\N	f	50	active	2025-08-24 04:08:09.221393	\N	\N	0	0	2025-08-24 04:08:09.221393	2025-08-24 04:08:09.221393
6	3	1080 Winslow Ave	asd	NJ	0841	condo	1	2.0	1850	0.25	2020	247669.00	235286.00	12400.00	\N	\N	2025	Tile	2025	Window Units	\N	2025	\N	t	\N	\N	t	\N	\N	\N	move-in-ready	asd	\N	\N	\N	\N	0	f	f	f	f	f	f	\N	Discover urban living at its finest in this elegant 1-bedroom, 2-bathroom condominium spanning 1850 square feet. Enjoy breathtaking ocean views from multiple rooms throughout the home. The private pool and outdoor space create the perfect setting for entertaining and relaxation. Convenient parking and storage are provided with the attached garage. Cozy up by the fireplace during cooler evenings. This property offers an exceptional opportunity for comfortable living in a desirable location. Schedule your private tour today to experience all this home has to offer.	\N	f	50	active	2025-08-24 04:25:10.445555	\N	\N	0	0	2025-08-24 04:25:10.445555	2025-08-24 04:25:10.445555
7	9	1080 Winslow Ave	city	NJ	0484	house	1	1.5	1850	0.25	2020	281663.00	267580.00	12400.00	25.00	\N	2025	Tile	2025	Forced Air	\N	2025	Tankless	t	\N	\N	t	\N	\N	\N	as-is	asda	\N	\N	\N	\N	0	f	f	f	f	f	f	\N	Welcome to this stunning 1-bedroom, 1.5-bathroom home featuring 1850 square feet of beautifully designed living space. Enjoy breathtaking ocean views from multiple rooms throughout the home. The private pool and outdoor space create the perfect setting for entertaining and relaxation. Convenient parking and storage are provided with the attached garage. Cozy up by the fireplace during cooler evenings. This property offers an exceptional opportunity for comfortable living in a desirable location. Schedule your private tour today to experience all this home has to offer.	\N	f	50	active	2025-08-24 05:00:47.108293	\N	\N	0	0	2025-08-24 05:00:47.108293	2025-08-24 05:00:47.108293
8	11	516 North Victoria Avenue	Ventnor City	NJ	08406	house	2	1.5	18550	\N	2020	2986550.00	2837223.00	12000.00	\N	\N	2025	Asphalt Shingle	2025	Central Air	\N	2025	Tankless	f	\N	\N	f	\N	\N	\N	move-in-ready	\N	\N	\N	\N	\N	0	f	f	f	f	f	f	\N	Welcome to this stunning 2-bedroom, 1.5-bathroom home featuring 18550 square feet of beautifully designed living space. This property offers an exceptional opportunity for comfortable living in a desirable location. Schedule your private tour today to experience all this home has to offer.	\N	f	50	active	2025-08-25 15:23:06.216462	\N	\N	0	0	2025-08-25 15:23:06.216462	2025-08-25 15:23:06.216462
9	10	123	khulna	PA	08401	condo	2	1.5	1850	0.25	2020	253173.00	240514.00	12400.00	\N	\N	2025	Tile	2025	Heat Pump	\N	2025	Tankless	t	\N	\N	t	\N	\N	\N	move-in-ready	asd	\N	\N	\N	\N	0	f	f	f	f	f	f	\N	Discover urban living at its finest in this elegant 2-bedroom, 1.5-bathroom condominium spanning 1850 square feet. The private pool and outdoor space create the perfect setting for entertaining and relaxation. Convenient parking and storage are provided with the attached garage. Cozy up by the fireplace during cooler evenings. This property offers an exceptional opportunity for comfortable living in a desirable location. Schedule your private tour today to experience all this home has to offer.	\N	f	50	active	2025-08-25 15:55:03.359605	\N	\N	0	0	2025-08-25 15:55:03.359605	2025-08-25 15:55:03.359605
10	3	1080 Winslow Ave	khulna	NJ	9280	condo	3	2.0	1850	0.25	2020	275188.00	261429.00	12400.00	12.00	\N	2025	Tile	2025	Forced Air	\N	2025	Tankless	t	\N	\N	t	\N	\N	\N	move-in-ready	sfs	\N	\N	\N	\N	0	f	f	f	f	f	f	\N	Discover urban living at its finest in this elegant 3-bedroom, 2-bathroom condominium spanning 1850 square feet. Enjoy breathtaking ocean views from multiple rooms throughout the home. The private pool and outdoor space create the perfect setting for entertaining and relaxation. Convenient parking and storage are provided with the attached garage. Cozy up by the fireplace during cooler evenings. This property offers an exceptional opportunity for comfortable living in a desirable location. Schedule your private tour today to experience all this home has to offer.	\N	f	50	active	2025-08-26 15:03:47.789726	\N	\N	0	0	2025-08-26 15:03:47.789726	2025-08-26 15:03:47.789726
11	3	1080 Winslow Ave	khulna	NJ	9280	multi-family	4	2.0	1850	0.25	2020	339938.00	322941.00	12400.00	150.00	\N	2025	Slate	2025	Baseboard	\N	2025	Tankless	t	\N	\N	t	\N	\N	\N	as-is	asdaa	\N	\N	\N	\N	0	f	f	f	f	f	f	\N	Welcome to this stunning 4-bedroom, 2-bathroom home featuring 1850 square feet of beautifully designed living space. Enjoy breathtaking ocean views from multiple rooms throughout the home. The private pool and outdoor space create the perfect setting for entertaining and relaxation. Convenient parking and storage are provided with the attached garage. Cozy up by the fireplace during cooler evenings. This property offers an exceptional opportunity for comfortable living in a desirable location. Schedule your private tour today to experience all this home has to offer.	\N	f	50	active	2025-08-26 17:42:54.270611	\N	\N	0	0	2025-08-26 17:42:54.270611	2025-08-26 17:42:54.270611
12	3	234	234	PA	23423	condo	4	2.0	2342	0.25	3343	420660.00	399627.00	34234.00	234.00	\N	2025	Slate	2025	Heat Pump	\N	2025	Solar	t	\N	\N	f	\N	\N	\N	needs-work	d. s	\N	\N	\N	\N	0	f	f	f	f	f	f	\N	h333y ry rtey y rt ert erty 	\N	f	50	active	2025-09-19 21:48:16.421128	\N	\N	0	0	2025-09-19 21:48:16.421128	2025-09-19 21:48:16.421128
\.


--
-- TOC entry 4422 (class 0 OID 16448)
-- Dependencies: 226
-- Data for Name: property_photos; Type: TABLE DATA; Schema: public; Owner: sagarroy
--

COPY public.property_photos (id, property_id, photo_url, photo_order, is_main, caption, uploaded_at) FROM stdin;
1	10	uploads/photos-1756220596334-127141153.jpg	1	t	\N	2025-08-26 15:03:47.798445
2	11	uploads/photos-1756230137305-792796470.jpg	1	t	\N	2025-08-26 17:42:54.284817
3	11	uploads/photos-1756230137367-491106665.jpg	2	f	\N	2025-08-26 17:42:54.293425
4	11	uploads/photos-1756230137363-840737511.jpeg	3	f	\N	2025-08-26 17:42:54.295652
5	11	uploads/photos-1756230137358-457978280.jpg	4	f	\N	2025-08-26 17:42:54.298568
6	11	uploads/photos-1756230137369-330778338.jpg	5	f	\N	2025-08-26 17:42:54.300767
7	11	uploads/photos-1756230137364-898455055.jpg	6	f	\N	2025-08-26 17:42:54.303222
8	11	uploads/photos-1756230137300-988737681.jpg	7	f	\N	2025-08-26 17:42:54.307896
9	11	uploads/photos-1756230137825-772791138.jpg	8	f	\N	2025-08-26 17:42:54.310085
10	12	uploads/photos-1758296268781-792096058.jpg	1	t	\N	2025-09-19 21:48:16.430963
11	12	uploads/photos-1758296268784-225410034.jpg	2	f	\N	2025-09-19 21:48:16.432905
12	12	uploads/photos-1758296268785-409693314.jpg	3	f	\N	2025-09-19 21:48:16.433491
\.


--
-- TOC entry 4444 (class 0 OID 17171)
-- Dependencies: 248
-- Data for Name: property_saved; Type: TABLE DATA; Schema: public; Owner: sagarroy
--

COPY public.property_saved (id, buyer_id, property_id, notes, priority, created_at) FROM stdin;
12	6	10	\N	1	2025-09-21 16:53:04.578316
\.


--
-- TOC entry 4472 (class 0 OID 25869)
-- Dependencies: 276
-- Data for Name: property_tours; Type: TABLE DATA; Schema: public; Owner: sagarroy
--

COPY public.property_tours (id, property_id, buyer_id, buyer_name, buyer_email, buyer_phone, tour_date, tour_time, special_requests, status, confirmation_code, seller_notes, access_instructions, gate_code, created_at, updated_at, cancelled_at, cancelled_by, cancellation_reason) FROM stdin;
1	11	\N	jhkjh	ashk4an.ekerka@gmail.com	4345	2025-10-18	03:44:00	egerg	scheduled	120E34AF69BCC306	\N	\N	\N	2025-10-18 01:00:00.191628	2025-10-18 01:00:00.191628	\N	\N	\N
2	11	\N	asd	sagar3bd3628@gmail.com	234234	2025-10-29	23:42:00	wewer	scheduled	5BF27625D69053D7	\N	\N	\N	2025-10-18 01:03:25.357497	2025-10-18 01:03:25.357497	\N	\N	\N
3	11	\N	asd	saarb3d36s28@gmail.com	234234	2025-10-18	03:00:00	a	scheduled	0901C6BF9AD67F70	\N	\N	\N	2025-10-18 01:04:52.071934	2025-10-18 01:04:52.071934	\N	\N	\N
4	11	\N	asd	sagarbd233478@gmail.com	243234	2025-10-18	23:42:00	sfsf	scheduled	F453360443D575D1	\N	\N	\N	2025-10-18 01:05:56.417995	2025-10-18 01:05:56.417995	\N	\N	\N
5	11	\N	asd	sagarbd278@gmail.com	234234	2025-10-18	04:00:00	tyuty	scheduled	DEBC2EB4358AFBF1	\N	\N	\N	2025-10-18 01:09:31.728341	2025-10-18 01:09:31.728341	\N	\N	\N
6	11	\N	asd	sagarbd25s8@gmail.com	234234	2025-10-18	05:00:00	dgfsf	scheduled	94CB5CDBC9F36B39	\N	\N	\N	2025-10-18 01:15:13.861154	2025-10-18 01:15:13.861154	\N	\N	\N
7	11	\N	asd	sagarbd25s8@gmail.com	234234	2025-10-18	03:22:00		scheduled	EF40972D0EB3C958	\N	\N	\N	2025-10-18 01:15:57.356332	2025-10-18 01:15:57.356332	\N	\N	\N
8	11	\N	asd	ashk4an.ekerka@gmail.com	234234	2025-10-18	08:00:00	ghf	scheduled	61F3F2778DB476DB	\N	\N	\N	2025-10-18 01:29:37.138548	2025-10-18 01:29:37.138548	\N	\N	\N
9	11	\N	asd	ashk4an.ekerka@gmail.com	234234	2025-10-18	09:00:00	ghf	scheduled	45A9E3CFEDFB7464	\N	\N	\N	2025-10-18 01:30:50.906387	2025-10-18 01:30:50.906387	\N	\N	\N
10	11	\N	asd	ashk4an.ekerka@gmail.com	234234	2025-10-18	10:00:00	ghf	scheduled	8FAC4851C75A0028	\N	\N	\N	2025-10-18 01:31:19.247168	2025-10-18 01:31:19.247168	\N	\N	\N
11	11	\N	asd	ashk4an.ekerka@gmail.com	234234	2025-10-18	11:00:00	ghf	scheduled	A1B8D3BF5D76E1DC	\N	\N	\N	2025-10-18 01:32:14.215188	2025-10-18 01:32:14.215188	\N	\N	\N
12	11	\N	asd	ashk4an.ekerka@gmail.com	234234	2025-10-18	12:00:00	ghf	scheduled	897D482985B388CB	\N	\N	\N	2025-10-18 01:33:51.397141	2025-10-18 01:33:51.397141	\N	\N	\N
13	11	\N	asd	sagarbd25s8@gmail.com	23423423	2025-10-18	15:02:00	sdfsdf	scheduled	F965B1A039D7455A	\N	\N	\N	2025-10-18 22:00:08.991064	2025-10-18 22:00:08.991064	\N	\N	\N
14	11	\N	asd	sagarbd25s8@gmail.com	23423423	2025-10-18	18:02:00	sdfsdf	scheduled	B1A83E5392705EC3	\N	\N	\N	2025-10-18 22:01:47.465579	2025-10-18 22:01:47.465579	\N	\N	\N
15	11	\N	asd	sagarbd25s8@gmail.com	23423423	2025-10-18	19:02:00	sdfsdf	scheduled	8E5A6443C5079BD2	\N	\N	\N	2025-10-18 22:03:11.236834	2025-10-18 22:03:11.236834	\N	\N	\N
16	11	\N	asd	sagarbd25s8@gmail.com	23423423	2025-10-18	20:02:00	sdfsdf	scheduled	10C4492C6EDCFE32	\N	\N	\N	2025-10-18 22:04:29.479696	2025-10-18 22:04:29.479696	\N	\N	\N
17	11	\N	asd	sagarbd25s8@gmail.com	23423423	2025-10-18	21:02:00	sdfsdf	scheduled	FB1063630842E109	\N	\N	\N	2025-10-18 22:04:48.425152	2025-10-18 22:04:48.425152	\N	\N	\N
18	11	\N	wrwe	ashk4an.ekerka@gmail.com	234234	2025-10-19	02:05:00	rty 	scheduled	49F3D62AB1D9D060	\N	\N	\N	2025-10-19 07:03:56.666256	2025-10-19 07:03:56.666256	\N	\N	\N
19	10	\N	asd	ashk4an.ekerka@gmail.com	242434	2025-10-19	23:42:00	dgdfg	scheduled	CEE50548E3D0CECF	\N	\N	\N	2025-10-19 07:32:38.246563	2025-10-19 07:32:38.246563	\N	\N	\N
\.


--
-- TOC entry 4438 (class 0 OID 17115)
-- Dependencies: 242
-- Data for Name: step_details; Type: TABLE DATA; Schema: public; Owner: sagarroy
--

COPY public.step_details (id, step_id, detail_key, detail_value) FROM stdin;
1	1	lender	First National Bank
2	1	amount	$450,000
3	1	rate	6.5%
4	1	expiry	90 days
5	1	buyerRating	A+
6	2	viewings	7 properties
7	2	selected	123 Oak Street
8	2	listPrice	$399,000
9	2	comps	3 similar sales
10	3	offerPrice	$389,000
11	3	downPayment	20%
12	3	earnestMoney	2%
13	3	expiry	72 hours
14	4	counterOffers	1
15	4	finalPrice	$389,000
16	4	closingDate	March 15
17	4	concessions	None
18	5	contractType	NJ Standard
19	5	pages	10
20	5	signatures	Both parties
21	5	timestamp	Feb 1, 2025 3:45 PM
22	6	startDate	Feb 2
23	6	endDate	Feb 5
24	6	modifications	None
25	6	status	Approved
26	7	amount	$7,780 (2%)
27	7	method	Wire transfer
28	7	escrowHolder	Atlantic Title
29	7	depositDate	Feb 6
30	8	inspector	SafeGuard Inspections
31	8	scheduledDate	Feb 12
32	8	duration	3 hours
33	8	reportDue	Feb 13
34	9	deadline	7 days after report
35	9	estimatedRepairs	TBD
36	9	negotiationType	TBD
37	10	lender	First National Bank
38	10	loanOfficer	John Smith
39	10	documentsRequired	15
40	10	documentsSubmitted	12
41	11	scheduledDate	Feb 18
42	11	appraiser	ValuePro
43	11	cost	$500
44	11	targetValue	$389,000+
45	12	expectedDuration	10-15 days
46	12	currentStatus	Not started
47	12	conditions	TBD
48	13	titleCompany	Atlantic Title
49	13	searchDepth	60 years
50	13	estimatedCompletion	Feb 20
51	14	ownerPolicy	$1,200
52	14	lenderPolicy	$800
53	14	coverage	$389,000
54	15	provider	TBD
55	15	annualPremium	Est. $1,500
56	15	coverage	Min. $389,000
57	16	documentsCount	50+
58	16	reviewPeriod	3 days
59	16	deliveryMethod	Digital
60	17	scheduledDate	March 14
61	17	duration	1 hour
62	17	checklist	25 items
63	18	date	March 15, 2025
64	18	time	10:00 AM
65	18	location	Remote/Online
66	18	duration	45 minutes
67	19	buyerSignatures	50+
68	19	sellerSignatures	20+
69	19	notarization	Required
70	20	loanAmount	$311,200
71	20	downPayment	$77,800
72	20	platformFee	2.5%
73	20	sellerProceeds	Calculated
74	21	county	Atlantic County
75	21	method	E-recording
76	21	estimatedTime	Same day
77	22	keyTransfer	After recording
78	22	utilities	Transfer same day
79	22	moveIn	Immediate
80	23	ownerPolicy	Lifetime
81	23	lenderPolicy	Loan duration
82	23	delivery	Digital
83	24	documents	100+ pages
84	24	format	Digital PDF
85	24	storage	Cloud vault
86	25	totalFee	2.5% ($9,725)
87	25	buyerPortion	1% ($3,890)
88	25	sellerPortion	1.5% ($5,835)
89	25	totalSaved	$9,725 vs traditional
\.


--
-- TOC entry 4436 (class 0 OID 17099)
-- Dependencies: 240
-- Data for Name: steps; Type: TABLE DATA; Schema: public; Owner: sagarroy
--

COPY public.steps (id, phase_id, title, status, description, created_at, updated_at) FROM stdin;
11	3	Property Appraisal	pending	Independent property valuation	2025-09-15 15:28:25.042381	2025-09-15 15:28:25.042381
13	5	Title Search	in-progress	Research property ownership history	2025-09-15 15:28:25.042381	2025-09-15 15:28:25.042381
14	5	Title Insurance	pending	Purchase title insurance policies	2025-09-15 15:28:25.042381	2025-09-15 15:28:25.042381
16	5	Closing Document Preparation	pending	Prepare all closing documents	2025-09-15 15:28:25.042381	2025-09-15 15:28:25.042381
17	6	Final Walk-Through	pending	Inspect property before closing	2025-09-15 15:28:25.042381	2025-09-15 15:28:25.042381
18	6	Closing Appointment	pending	Schedule closing meeting	2025-09-15 15:28:25.042381	2025-09-15 15:28:25.042381
19	6	Document Signing	pending	Sign all closing documents	2025-09-15 15:28:25.042381	2025-09-15 15:28:25.042381
20	6	Fund Disbursement	pending	Transfer all funds	2025-09-15 15:28:25.042381	2025-09-15 15:28:25.042381
21	6	Deed Recording	pending	Record deed with county	2025-09-15 15:28:25.042381	2025-09-15 15:28:25.042381
23	7	Title Insurance Policy Issued	pending	Receive final title policies	2025-09-15 15:28:25.042381	2025-09-15 15:28:25.042381
24	7	Final Escrow Package	pending	Receive complete transaction documents	2025-09-15 15:28:25.042381	2025-09-15 15:28:25.042381
25	7	You're Home Platform Fee	pending	Platform fee collection and savings report	2025-09-15 15:28:25.042381	2025-09-15 15:28:25.042381
9	3	Repair Request/Negotiation	completed	Request repairs based on inspection	2025-09-15 15:28:25.042381	2025-09-16 23:58:20.156873
12	4	Underwriting Process	completed	Lender reviews and approves loan	2025-09-15 15:28:25.042381	2025-09-16 23:58:36.404136
10	4	Formal Mortgage Application	completed	Complete full mortgage application	2025-09-15 15:28:25.042381	2025-09-18 21:43:20.862501
15	4	Homeowner's Insurance	completed	Obtain homeowner's insurance	2025-09-15 15:28:25.042381	2025-09-18 21:44:15.740035
6	2	Attorney Review Period	completed	3-day attorney review (NJ specific)	2025-09-15 15:28:25.042381	2025-09-20 12:16:39.401831
7	2	Earnest Money Deposit	completed	Deposit earnest money to escrow	2025-09-15 15:28:25.042381	2025-09-20 12:27:23.057423
3	1	Submit Offer	completed	Make formal offer with terms	2025-09-15 15:28:25.042381	2025-09-23 13:13:19.127126
4	2	Negotiation & Acceptance	completed	Negotiate terms and reach agreement	2025-09-15 15:28:25.042381	2025-09-23 18:48:27.592736
5	2	Purchase Agreement Generation	completed	Generate and sign official purchase agreement	2025-09-15 15:28:25.042381	2025-09-23 18:48:38.339791
1	1	Pre-Approval Process	completed	Get pre-approved for mortgage financing	2025-09-15 15:28:25.042381	2025-09-23 18:50:16.618733
2	1	Property Search & Selection	completed	Browse listings and select property	2025-09-15 15:28:25.042381	2025-09-23 19:04:22.662651
22	7	Keys & Possession Transfer	completed	Transfer property possession	2025-09-15 15:28:25.042381	2025-09-26 09:36:14.781235
8	3	Home Inspection	completed	Professional property inspection	2025-09-15 15:28:25.042381	2025-09-26 09:38:14.630088
\.


--
-- TOC entry 4442 (class 0 OID 17152)
-- Dependencies: 246
-- Data for Name: task_value; Type: TABLE DATA; Schema: public; Owner: sagarroy
--

COPY public.task_value (id, task_id, status, changed_by, notes, created_at, updated_at, transactions_id) FROM stdin;
4988	4	pending	\N	\N	2025-11-01 22:24:17.119997	2025-11-01 22:24:17.119997	4
4990	17	completed	\N	\N	2025-11-01 22:24:17.119997	2025-11-01 22:24:17.119997	4
4991	18	completed	\N	\N	2025-11-01 22:24:17.119997	2025-11-01 22:24:17.119997	4
4992	15	pending	\N	\N	2025-11-01 22:24:17.119997	2025-11-01 22:24:17.119997	4
5000	27	pending	\N	\N	2025-11-01 22:24:17.119997	2025-11-01 22:24:17.119997	4
5001	28	pending	\N	\N	2025-11-01 22:24:17.119997	2025-11-01 22:24:17.119997	4
5002	29	pending	\N	\N	2025-11-01 22:24:17.119997	2025-11-01 22:24:17.119997	4
5003	30	pending	\N	\N	2025-11-01 22:24:17.119997	2025-11-01 22:24:17.119997	4
5004	31	pending	\N	\N	2025-11-01 22:24:17.119997	2025-11-01 22:24:17.119997	4
5005	32	pending	\N	\N	2025-11-01 22:24:17.119997	2025-11-01 22:24:17.119997	4
5006	33	pending	\N	\N	2025-11-01 22:24:17.119997	2025-11-01 22:24:17.119997	4
5007	34	pending	\N	\N	2025-11-01 22:24:17.119997	2025-11-01 22:24:17.119997	4
5008	35	pending	\N	\N	2025-11-01 22:24:17.119997	2025-11-01 22:24:17.119997	4
5009	36	pending	\N	\N	2025-11-01 22:24:17.119997	2025-11-01 22:24:17.119997	4
5011	37	pending	\N	\N	2025-11-01 22:24:17.119997	2025-11-01 22:24:17.119997	4
5012	38	pending	\N	\N	2025-11-01 22:24:17.119997	2025-11-01 22:24:17.119997	4
5013	39	pending	\N	\N	2025-11-01 22:24:17.119997	2025-11-01 22:24:17.119997	4
5016	40	pending	\N	\N	2025-11-01 22:24:17.119997	2025-11-01 22:24:17.119997	4
5018	41	pending	\N	\N	2025-11-01 22:24:17.119997	2025-11-01 22:24:17.119997	4
5020	42	pending	\N	\N	2025-11-01 22:24:17.119997	2025-11-01 22:24:17.119997	4
5023	43	pending	\N	\N	2025-11-01 22:24:17.119997	2025-11-01 22:24:17.119997	4
5024	44	pending	\N	\N	2025-11-01 22:24:17.119997	2025-11-01 22:24:17.119997	4
5026	45	pending	\N	\N	2025-11-01 22:24:17.119997	2025-11-01 22:24:17.119997	4
5029	46	pending	\N	\N	2025-11-01 22:24:17.119997	2025-11-01 22:24:17.119997	4
5031	47	pending	\N	\N	2025-11-01 22:24:17.119997	2025-11-01 22:24:17.119997	4
5033	48	pending	\N	\N	2025-11-01 22:24:17.119997	2025-11-01 22:24:17.119997	4
5035	49	pending	\N	\N	2025-11-01 22:24:17.119997	2025-11-01 22:24:17.119997	4
5037	50	pending	\N	\N	2025-11-01 22:24:17.119997	2025-11-01 22:24:17.119997	4
5039	51	pending	\N	\N	2025-11-01 22:24:17.119997	2025-11-01 22:24:17.119997	4
5042	52	pending	\N	\N	2025-11-01 22:24:17.119997	2025-11-01 22:24:17.119997	4
5045	53	pending	\N	\N	2025-11-01 22:24:17.119997	2025-11-01 22:24:17.119997	4
5047	54	pending	\N	\N	2025-11-01 22:24:17.119997	2025-11-01 22:24:17.119997	4
5049	55	pending	\N	\N	2025-11-01 22:24:17.119997	2025-11-01 22:24:17.119997	4
5050	56	pending	\N	\N	2025-11-01 22:24:17.119997	2025-11-01 22:24:17.119997	4
5051	58	pending	\N	\N	2025-11-01 22:24:17.119997	2025-11-01 22:24:17.119997	4
5053	59	pending	\N	\N	2025-11-01 22:24:17.119997	2025-11-01 22:24:17.119997	4
5055	60	pending	\N	\N	2025-11-01 22:24:17.119997	2025-11-01 22:24:17.119997	4
5057	61	pending	\N	\N	2025-11-01 22:24:17.119997	2025-11-01 22:24:17.119997	4
5061	62	pending	\N	\N	2025-11-01 22:24:17.119997	2025-11-01 22:24:17.119997	4
5063	63	pending	\N	\N	2025-11-01 22:24:17.119997	2025-11-01 22:24:17.119997	4
5065	64	pending	\N	\N	2025-11-01 22:24:17.119997	2025-11-01 22:24:17.119997	4
5066	65	pending	\N	\N	2025-11-01 22:24:17.119997	2025-11-01 22:24:17.119997	4
5068	66	pending	\N	\N	2025-11-01 22:24:17.119997	2025-11-01 22:24:17.119997	4
5069	67	pending	\N	\N	2025-11-01 22:24:17.119997	2025-11-01 22:24:17.119997	4
5071	68	pending	\N	\N	2025-11-01 22:24:17.119997	2025-11-01 22:24:17.119997	4
5077	69	pending	\N	\N	2025-11-01 22:24:17.119997	2025-11-01 22:24:17.119997	4
5079	70	pending	\N	\N	2025-11-01 22:24:17.119997	2025-11-01 22:24:17.119997	4
5083	71	pending	\N	\N	2025-11-01 22:24:17.119997	2025-11-01 22:24:17.119997	4
5085	72	pending	\N	\N	2025-11-01 22:24:17.119997	2025-11-01 22:24:17.119997	4
5087	73	pending	\N	\N	2025-11-01 22:24:17.119997	2025-11-01 22:24:17.119997	4
5089	74	pending	\N	\N	2025-11-01 22:24:17.119997	2025-11-01 22:24:17.119997	4
5091	75	pending	\N	\N	2025-11-01 22:24:17.119997	2025-11-01 22:24:17.119997	4
5094	76	pending	\N	\N	2025-11-01 22:24:17.119997	2025-11-01 22:24:17.119997	4
5097	77	pending	\N	\N	2025-11-01 22:24:17.119997	2025-11-01 22:24:17.119997	4
5099	78	pending	\N	\N	2025-11-01 22:24:17.119997	2025-11-01 22:24:17.119997	4
5101	79	pending	\N	\N	2025-11-01 22:24:17.119997	2025-11-01 22:24:17.119997	4
5103	80	pending	\N	\N	2025-11-01 22:24:17.119997	2025-11-01 22:24:17.119997	4
5105	81	pending	\N	\N	2025-11-01 22:24:17.119997	2025-11-01 22:24:17.119997	4
5107	82	pending	\N	\N	2025-11-01 22:24:17.119997	2025-11-01 22:24:17.119997	4
5109	83	pending	\N	\N	2025-11-01 22:24:17.119997	2025-11-01 22:24:17.119997	4
5111	84	pending	\N	\N	2025-11-01 22:24:17.119997	2025-11-01 22:24:17.119997	4
5113	85	pending	\N	\N	2025-11-01 22:24:17.119997	2025-11-01 22:24:17.119997	4
5115	86	pending	\N	\N	2025-11-01 22:24:17.119997	2025-11-01 22:24:17.119997	4
5117	87	pending	\N	\N	2025-11-01 22:24:17.119997	2025-11-01 22:24:17.119997	4
5119	88	pending	\N	\N	2025-11-01 22:24:17.119997	2025-11-01 22:24:17.119997	4
5121	11	pending	\N	\N	2025-11-01 22:24:17.119997	2025-11-01 22:24:17.119997	4
5122	10	pending	\N	\N	2025-11-01 22:24:17.119997	2025-11-01 22:24:17.119997	4
5126	5	completed	\N	\N	2025-11-01 22:24:17.119997	2025-11-01 22:24:17.119997	4
5128	6	completed	\N	\N	2025-11-01 22:24:17.119997	2025-11-01 22:24:17.119997	4
5130	26	pending	\N	\N	2025-11-01 22:24:17.119997	2025-11-01 22:24:17.119997	4
5134	8	completed	\N	\N	2025-11-01 22:24:17.119997	2025-11-01 22:24:17.119997	4
5136	9	completed	\N	\N	2025-11-01 22:24:17.119997	2025-11-01 22:24:17.119997	4
5138	12	completed	\N	\N	2025-11-01 22:24:17.119997	2025-11-01 22:24:17.119997	4
5139	13	completed	\N	\N	2025-11-01 22:24:17.119997	2025-11-01 22:24:17.119997	4
5141	14	completed	\N	\N	2025-11-01 22:24:17.119997	2025-11-01 22:24:17.119997	4
5143	7	pending	\N	\N	2025-11-01 22:24:17.119997	2025-11-01 22:24:17.119997	4
5145	89	pending	\N	\N	2025-11-01 22:24:17.119997	2025-11-01 22:24:17.119997	4
5146	57	pending	\N	\N	2025-11-01 22:24:17.119997	2025-11-01 22:24:17.119997	4
5148	1	pending	\N	\N	2025-11-01 22:24:17.119997	2025-11-01 22:24:17.119997	4
5149	2	pending	\N	\N	2025-11-01 22:24:17.119997	2025-11-01 22:24:17.119997	4
5151	3	pending	\N	\N	2025-11-01 22:24:17.119997	2025-11-01 22:24:17.119997	4
5124	16	completed	\N	\N	2025-11-01 22:24:17.119997	2025-11-01 22:24:17.119997	4
4993	19	in-progress	\N	\N	2025-11-01 22:24:17.119997	2025-11-01 22:24:17.119997	4
4994	20	in-progress	\N	\N	2025-11-01 22:24:17.119997	2025-11-01 22:24:17.119997	4
4995	21	in-progress	\N	\N	2025-11-01 22:24:17.119997	2025-11-01 22:24:17.119997	4
4996	22	in-progress	\N	\N	2025-11-01 22:24:17.119997	2025-11-01 22:24:17.119997	4
4997	23	in-progress	\N	\N	2025-11-01 22:24:17.119997	2025-11-01 22:24:17.119997	4
4998	24	in-progress	\N	\N	2025-11-01 22:24:17.119997	2025-11-01 22:24:17.119997	4
4999	25	in-progress	\N	\N	2025-11-01 22:24:17.119997	2025-11-01 22:24:17.119997	4
4989	4	pending	\N	\N	2025-11-01 22:24:17.120138	2025-11-01 22:24:17.120138	4
5010	17	completed	\N	\N	2025-11-01 22:24:17.120138	2025-11-01 22:24:17.120138	4
5014	18	completed	\N	\N	2025-11-01 22:24:17.120138	2025-11-01 22:24:17.120138	4
5015	15	pending	\N	\N	2025-11-01 22:24:17.120138	2025-11-01 22:24:17.120138	4
5030	27	pending	\N	\N	2025-11-01 22:24:17.120138	2025-11-01 22:24:17.120138	4
5032	28	pending	\N	\N	2025-11-01 22:24:17.120138	2025-11-01 22:24:17.120138	4
5034	29	pending	\N	\N	2025-11-01 22:24:17.120138	2025-11-01 22:24:17.120138	4
5036	30	pending	\N	\N	2025-11-01 22:24:17.120138	2025-11-01 22:24:17.120138	4
5038	31	pending	\N	\N	2025-11-01 22:24:17.120138	2025-11-01 22:24:17.120138	4
5040	32	pending	\N	\N	2025-11-01 22:24:17.120138	2025-11-01 22:24:17.120138	4
5041	33	pending	\N	\N	2025-11-01 22:24:17.120138	2025-11-01 22:24:17.120138	4
5043	34	pending	\N	\N	2025-11-01 22:24:17.120138	2025-11-01 22:24:17.120138	4
5044	35	pending	\N	\N	2025-11-01 22:24:17.120138	2025-11-01 22:24:17.120138	4
5046	36	pending	\N	\N	2025-11-01 22:24:17.120138	2025-11-01 22:24:17.120138	4
5048	37	pending	\N	\N	2025-11-01 22:24:17.120138	2025-11-01 22:24:17.120138	4
5052	38	pending	\N	\N	2025-11-01 22:24:17.120138	2025-11-01 22:24:17.120138	4
5054	39	pending	\N	\N	2025-11-01 22:24:17.120138	2025-11-01 22:24:17.120138	4
5056	40	pending	\N	\N	2025-11-01 22:24:17.120138	2025-11-01 22:24:17.120138	4
5058	41	pending	\N	\N	2025-11-01 22:24:17.120138	2025-11-01 22:24:17.120138	4
5059	42	pending	\N	\N	2025-11-01 22:24:17.120138	2025-11-01 22:24:17.120138	4
5060	43	pending	\N	\N	2025-11-01 22:24:17.120138	2025-11-01 22:24:17.120138	4
5062	44	pending	\N	\N	2025-11-01 22:24:17.120138	2025-11-01 22:24:17.120138	4
5064	45	pending	\N	\N	2025-11-01 22:24:17.120138	2025-11-01 22:24:17.120138	4
5067	46	pending	\N	\N	2025-11-01 22:24:17.120138	2025-11-01 22:24:17.120138	4
5070	47	pending	\N	\N	2025-11-01 22:24:17.120138	2025-11-01 22:24:17.120138	4
5072	48	pending	\N	\N	2025-11-01 22:24:17.120138	2025-11-01 22:24:17.120138	4
5073	49	pending	\N	\N	2025-11-01 22:24:17.120138	2025-11-01 22:24:17.120138	4
5074	50	pending	\N	\N	2025-11-01 22:24:17.120138	2025-11-01 22:24:17.120138	4
5075	51	pending	\N	\N	2025-11-01 22:24:17.120138	2025-11-01 22:24:17.120138	4
5076	52	pending	\N	\N	2025-11-01 22:24:17.120138	2025-11-01 22:24:17.120138	4
5078	53	pending	\N	\N	2025-11-01 22:24:17.120138	2025-11-01 22:24:17.120138	4
5080	54	pending	\N	\N	2025-11-01 22:24:17.120138	2025-11-01 22:24:17.120138	4
5081	55	pending	\N	\N	2025-11-01 22:24:17.120138	2025-11-01 22:24:17.120138	4
5082	56	pending	\N	\N	2025-11-01 22:24:17.120138	2025-11-01 22:24:17.120138	4
5084	58	pending	\N	\N	2025-11-01 22:24:17.120138	2025-11-01 22:24:17.120138	4
5086	59	pending	\N	\N	2025-11-01 22:24:17.120138	2025-11-01 22:24:17.120138	4
5088	60	pending	\N	\N	2025-11-01 22:24:17.120138	2025-11-01 22:24:17.120138	4
5090	61	pending	\N	\N	2025-11-01 22:24:17.120138	2025-11-01 22:24:17.120138	4
5092	62	pending	\N	\N	2025-11-01 22:24:17.120138	2025-11-01 22:24:17.120138	4
5093	63	pending	\N	\N	2025-11-01 22:24:17.120138	2025-11-01 22:24:17.120138	4
5095	64	pending	\N	\N	2025-11-01 22:24:17.120138	2025-11-01 22:24:17.120138	4
5096	65	pending	\N	\N	2025-11-01 22:24:17.120138	2025-11-01 22:24:17.120138	4
5098	66	pending	\N	\N	2025-11-01 22:24:17.120138	2025-11-01 22:24:17.120138	4
5100	67	pending	\N	\N	2025-11-01 22:24:17.120138	2025-11-01 22:24:17.120138	4
5102	68	pending	\N	\N	2025-11-01 22:24:17.120138	2025-11-01 22:24:17.120138	4
5104	69	pending	\N	\N	2025-11-01 22:24:17.120138	2025-11-01 22:24:17.120138	4
5106	70	pending	\N	\N	2025-11-01 22:24:17.120138	2025-11-01 22:24:17.120138	4
5108	71	pending	\N	\N	2025-11-01 22:24:17.120138	2025-11-01 22:24:17.120138	4
5110	72	pending	\N	\N	2025-11-01 22:24:17.120138	2025-11-01 22:24:17.120138	4
5112	73	pending	\N	\N	2025-11-01 22:24:17.120138	2025-11-01 22:24:17.120138	4
5114	74	pending	\N	\N	2025-11-01 22:24:17.120138	2025-11-01 22:24:17.120138	4
5116	75	pending	\N	\N	2025-11-01 22:24:17.120138	2025-11-01 22:24:17.120138	4
5118	76	pending	\N	\N	2025-11-01 22:24:17.120138	2025-11-01 22:24:17.120138	4
5120	77	pending	\N	\N	2025-11-01 22:24:17.120138	2025-11-01 22:24:17.120138	4
5123	78	pending	\N	\N	2025-11-01 22:24:17.120138	2025-11-01 22:24:17.120138	4
5125	79	pending	\N	\N	2025-11-01 22:24:17.120138	2025-11-01 22:24:17.120138	4
5127	80	pending	\N	\N	2025-11-01 22:24:17.120138	2025-11-01 22:24:17.120138	4
5129	81	pending	\N	\N	2025-11-01 22:24:17.120138	2025-11-01 22:24:17.120138	4
5131	82	pending	\N	\N	2025-11-01 22:24:17.120138	2025-11-01 22:24:17.120138	4
5132	83	pending	\N	\N	2025-11-01 22:24:17.120138	2025-11-01 22:24:17.120138	4
5133	84	pending	\N	\N	2025-11-01 22:24:17.120138	2025-11-01 22:24:17.120138	4
5135	85	pending	\N	\N	2025-11-01 22:24:17.120138	2025-11-01 22:24:17.120138	4
5137	86	pending	\N	\N	2025-11-01 22:24:17.120138	2025-11-01 22:24:17.120138	4
5140	87	pending	\N	\N	2025-11-01 22:24:17.120138	2025-11-01 22:24:17.120138	4
5142	88	pending	\N	\N	2025-11-01 22:24:17.120138	2025-11-01 22:24:17.120138	4
5144	11	pending	\N	\N	2025-11-01 22:24:17.120138	2025-11-01 22:24:17.120138	4
5147	10	pending	\N	\N	2025-11-01 22:24:17.120138	2025-11-01 22:24:17.120138	4
5152	5	completed	\N	\N	2025-11-01 22:24:17.120138	2025-11-01 22:24:17.120138	4
5153	6	completed	\N	\N	2025-11-01 22:24:17.120138	2025-11-01 22:24:17.120138	4
5154	26	pending	\N	\N	2025-11-01 22:24:17.120138	2025-11-01 22:24:17.120138	4
5155	8	completed	\N	\N	2025-11-01 22:24:17.120138	2025-11-01 22:24:17.120138	4
5156	9	completed	\N	\N	2025-11-01 22:24:17.120138	2025-11-01 22:24:17.120138	4
5157	12	completed	\N	\N	2025-11-01 22:24:17.120138	2025-11-01 22:24:17.120138	4
5158	13	completed	\N	\N	2025-11-01 22:24:17.120138	2025-11-01 22:24:17.120138	4
5159	14	completed	\N	\N	2025-11-01 22:24:17.120138	2025-11-01 22:24:17.120138	4
5160	7	pending	\N	\N	2025-11-01 22:24:17.120138	2025-11-01 22:24:17.120138	4
5161	89	pending	\N	\N	2025-11-01 22:24:17.120138	2025-11-01 22:24:17.120138	4
5162	57	pending	\N	\N	2025-11-01 22:24:17.120138	2025-11-01 22:24:17.120138	4
5163	1	pending	\N	\N	2025-11-01 22:24:17.120138	2025-11-01 22:24:17.120138	4
5164	2	pending	\N	\N	2025-11-01 22:24:17.120138	2025-11-01 22:24:17.120138	4
5165	3	pending	\N	\N	2025-11-01 22:24:17.120138	2025-11-01 22:24:17.120138	4
5150	16	completed	\N	\N	2025-11-01 22:24:17.120138	2025-11-01 22:24:17.120138	4
5017	19	in-progress	\N	\N	2025-11-01 22:24:17.120138	2025-11-01 22:24:17.120138	4
5019	20	in-progress	\N	\N	2025-11-01 22:24:17.120138	2025-11-01 22:24:17.120138	4
5021	21	in-progress	\N	\N	2025-11-01 22:24:17.120138	2025-11-01 22:24:17.120138	4
5022	22	in-progress	\N	\N	2025-11-01 22:24:17.120138	2025-11-01 22:24:17.120138	4
5025	23	in-progress	\N	\N	2025-11-01 22:24:17.120138	2025-11-01 22:24:17.120138	4
5027	24	in-progress	\N	\N	2025-11-01 22:24:17.120138	2025-11-01 22:24:17.120138	4
5028	25	in-progress	\N	\N	2025-11-01 22:24:17.120138	2025-11-01 22:24:17.120138	4
5166	20	pending	\N	\N	2025-11-01 23:47:49.673636	2025-11-01 23:47:49.673636	8
5167	20	pending	\N	\N	2025-11-01 23:47:49.673342	2025-11-01 23:47:49.673342	8
5168	82	pending	\N	\N	2025-11-01 23:47:49.673636	2025-11-01 23:47:49.673636	8
5169	82	pending	\N	\N	2025-11-01 23:47:49.673342	2025-11-01 23:47:49.673342	8
5170	25	pending	\N	\N	2025-11-01 23:47:49.673636	2025-11-01 23:47:49.673636	8
5171	25	pending	\N	\N	2025-11-01 23:47:49.673342	2025-11-01 23:47:49.673342	8
5172	26	pending	\N	\N	2025-11-01 23:47:49.673636	2025-11-01 23:47:49.673636	8
5173	26	pending	\N	\N	2025-11-01 23:47:49.673342	2025-11-01 23:47:49.673342	8
5174	27	pending	\N	\N	2025-11-01 23:47:49.673636	2025-11-01 23:47:49.673636	8
5175	27	pending	\N	\N	2025-11-01 23:47:49.673342	2025-11-01 23:47:49.673342	8
5176	11	pending	\N	\N	2025-11-01 23:47:49.673636	2025-11-01 23:47:49.673636	8
5177	11	pending	\N	\N	2025-11-01 23:47:49.673342	2025-11-01 23:47:49.673342	8
5178	39	pending	\N	\N	2025-11-01 23:47:49.673636	2025-11-01 23:47:49.673636	8
5179	39	pending	\N	\N	2025-11-01 23:47:49.673342	2025-11-01 23:47:49.673342	8
5180	17	completed	\N	\N	2025-11-01 23:47:49.673636	2025-11-01 23:47:49.673636	8
5181	17	completed	\N	\N	2025-11-01 23:47:49.673342	2025-11-01 23:47:49.673342	8
5182	66	pending	\N	\N	2025-11-01 23:47:49.673636	2025-11-01 23:47:49.673636	8
5183	66	pending	\N	\N	2025-11-01 23:47:49.673342	2025-11-01 23:47:49.673342	8
5184	89	pending	\N	\N	2025-11-01 23:47:49.673636	2025-11-01 23:47:49.673636	8
5185	89	pending	\N	\N	2025-11-01 23:47:49.673342	2025-11-01 23:47:49.673342	8
5186	33	pending	\N	\N	2025-11-01 23:47:49.673636	2025-11-01 23:47:49.673636	8
5187	33	pending	\N	\N	2025-11-01 23:47:49.673342	2025-11-01 23:47:49.673342	8
5188	57	pending	\N	\N	2025-11-01 23:47:49.673636	2025-11-01 23:47:49.673636	8
5189	57	pending	\N	\N	2025-11-01 23:47:49.673342	2025-11-01 23:47:49.673342	8
5190	31	pending	\N	\N	2025-11-01 23:47:49.673636	2025-11-01 23:47:49.673636	8
5191	31	pending	\N	\N	2025-11-01 23:47:49.673342	2025-11-01 23:47:49.673342	8
5192	34	pending	\N	\N	2025-11-01 23:47:49.673636	2025-11-01 23:47:49.673636	8
5193	34	pending	\N	\N	2025-11-01 23:47:49.673342	2025-11-01 23:47:49.673342	8
5195	12	completed	\N	\N	2025-11-01 23:47:49.673342	2025-11-01 23:47:49.673342	8
5196	10	pending	\N	\N	2025-11-01 23:47:49.673342	2025-11-01 23:47:49.673342	8
5197	18	completed	\N	\N	2025-11-01 23:47:49.673342	2025-11-01 23:47:49.673342	8
5198	64	pending	\N	\N	2025-11-01 23:47:49.673342	2025-11-01 23:47:49.673342	8
5194	12	completed	\N	\N	2025-11-01 23:47:49.673636	2025-11-01 23:47:49.673636	8
5199	71	pending	\N	\N	2025-11-01 23:47:49.673342	2025-11-01 23:47:49.673342	8
5200	2	pending	\N	\N	2025-11-01 23:47:49.673342	2025-11-01 23:47:49.673342	8
5201	72	pending	\N	\N	2025-11-01 23:47:49.673342	2025-11-01 23:47:49.673342	8
5202	10	pending	\N	\N	2025-11-01 23:47:49.673636	2025-11-01 23:47:49.673636	8
5204	18	completed	\N	\N	2025-11-01 23:47:49.673636	2025-11-01 23:47:49.673636	8
5203	47	pending	\N	\N	2025-11-01 23:47:49.673342	2025-11-01 23:47:49.673342	8
5205	64	pending	\N	\N	2025-11-01 23:47:49.673636	2025-11-01 23:47:49.673636	8
5206	46	pending	\N	\N	2025-11-01 23:47:49.673342	2025-11-01 23:47:49.673342	8
5207	83	pending	\N	\N	2025-11-01 23:47:49.673342	2025-11-01 23:47:49.673342	8
5208	71	pending	\N	\N	2025-11-01 23:47:49.673636	2025-11-01 23:47:49.673636	8
5209	15	pending	\N	\N	2025-11-01 23:47:49.673342	2025-11-01 23:47:49.673342	8
5210	2	pending	\N	\N	2025-11-01 23:47:49.673636	2025-11-01 23:47:49.673636	8
5211	77	pending	\N	\N	2025-11-01 23:47:49.673342	2025-11-01 23:47:49.673342	8
5212	72	pending	\N	\N	2025-11-01 23:47:49.673636	2025-11-01 23:47:49.673636	8
5213	73	pending	\N	\N	2025-11-01 23:47:49.673342	2025-11-01 23:47:49.673342	8
5214	47	pending	\N	\N	2025-11-01 23:47:49.673636	2025-11-01 23:47:49.673636	8
5215	56	pending	\N	\N	2025-11-01 23:47:49.673342	2025-11-01 23:47:49.673342	8
5216	46	pending	\N	\N	2025-11-01 23:47:49.673636	2025-11-01 23:47:49.673636	8
5217	40	pending	\N	\N	2025-11-01 23:47:49.673342	2025-11-01 23:47:49.673342	8
5218	83	pending	\N	\N	2025-11-01 23:47:49.673636	2025-11-01 23:47:49.673636	8
5219	13	completed	\N	\N	2025-11-01 23:47:49.673342	2025-11-01 23:47:49.673342	8
5220	15	pending	\N	\N	2025-11-01 23:47:49.673636	2025-11-01 23:47:49.673636	8
5221	21	pending	\N	\N	2025-11-01 23:47:49.673342	2025-11-01 23:47:49.673342	8
5222	77	pending	\N	\N	2025-11-01 23:47:49.673636	2025-11-01 23:47:49.673636	8
5223	5	completed	\N	\N	2025-11-01 23:47:49.673342	2025-11-01 23:47:49.673342	8
5224	73	pending	\N	\N	2025-11-01 23:47:49.673636	2025-11-01 23:47:49.673636	8
5225	19	pending	\N	\N	2025-11-01 23:47:49.673342	2025-11-01 23:47:49.673342	8
5226	56	pending	\N	\N	2025-11-01 23:47:49.673636	2025-11-01 23:47:49.673636	8
5227	65	pending	\N	\N	2025-11-01 23:47:49.673342	2025-11-01 23:47:49.673342	8
5228	40	pending	\N	\N	2025-11-01 23:47:49.673636	2025-11-01 23:47:49.673636	8
5229	52	pending	\N	\N	2025-11-01 23:47:49.673342	2025-11-01 23:47:49.673342	8
5230	13	completed	\N	\N	2025-11-01 23:47:49.673636	2025-11-01 23:47:49.673636	8
5231	37	pending	\N	\N	2025-11-01 23:47:49.673342	2025-11-01 23:47:49.673342	8
5232	21	pending	\N	\N	2025-11-01 23:47:49.673636	2025-11-01 23:47:49.673636	8
5233	5	completed	\N	\N	2025-11-01 23:47:49.673636	2025-11-01 23:47:49.673636	8
5234	85	pending	\N	\N	2025-11-01 23:47:49.673342	2025-11-01 23:47:49.673342	8
5235	19	pending	\N	\N	2025-11-01 23:47:49.673636	2025-11-01 23:47:49.673636	8
5236	32	pending	\N	\N	2025-11-01 23:47:49.673342	2025-11-01 23:47:49.673342	8
5237	65	pending	\N	\N	2025-11-01 23:47:49.673636	2025-11-01 23:47:49.673636	8
5238	78	pending	\N	\N	2025-11-01 23:47:49.673342	2025-11-01 23:47:49.673342	8
5239	24	pending	\N	\N	2025-11-01 23:47:49.673342	2025-11-01 23:47:49.673342	8
5240	52	pending	\N	\N	2025-11-01 23:47:49.673636	2025-11-01 23:47:49.673636	8
5242	37	pending	\N	\N	2025-11-01 23:47:49.673636	2025-11-01 23:47:49.673636	8
5241	55	pending	\N	\N	2025-11-01 23:47:49.673342	2025-11-01 23:47:49.673342	8
5243	85	pending	\N	\N	2025-11-01 23:47:49.673636	2025-11-01 23:47:49.673636	8
5244	68	pending	\N	\N	2025-11-01 23:47:49.673342	2025-11-01 23:47:49.673342	8
5246	38	pending	\N	\N	2025-11-01 23:47:49.673342	2025-11-01 23:47:49.673342	8
5245	32	pending	\N	\N	2025-11-01 23:47:49.673636	2025-11-01 23:47:49.673636	8
5247	8	completed	\N	\N	2025-11-01 23:47:49.673342	2025-11-01 23:47:49.673342	8
5248	78	pending	\N	\N	2025-11-01 23:47:49.673636	2025-11-01 23:47:49.673636	8
5249	80	pending	\N	\N	2025-11-01 23:47:49.673342	2025-11-01 23:47:49.673342	8
5250	24	pending	\N	\N	2025-11-01 23:47:49.673636	2025-11-01 23:47:49.673636	8
5251	55	pending	\N	\N	2025-11-01 23:47:49.673636	2025-11-01 23:47:49.673636	8
5253	68	pending	\N	\N	2025-11-01 23:47:49.673636	2025-11-01 23:47:49.673636	8
5254	38	pending	\N	\N	2025-11-01 23:47:49.673636	2025-11-01 23:47:49.673636	8
5252	48	pending	\N	\N	2025-11-01 23:47:49.673342	2025-11-01 23:47:49.673342	8
5255	8	completed	\N	\N	2025-11-01 23:47:49.673636	2025-11-01 23:47:49.673636	8
5256	28	pending	\N	\N	2025-11-01 23:47:49.673342	2025-11-01 23:47:49.673342	8
5257	80	pending	\N	\N	2025-11-01 23:47:49.673636	2025-11-01 23:47:49.673636	8
5258	30	pending	\N	\N	2025-11-01 23:47:49.673342	2025-11-01 23:47:49.673342	8
5259	48	pending	\N	\N	2025-11-01 23:47:49.673636	2025-11-01 23:47:49.673636	8
5260	62	pending	\N	\N	2025-11-01 23:47:49.673342	2025-11-01 23:47:49.673342	8
5261	28	pending	\N	\N	2025-11-01 23:47:49.673636	2025-11-01 23:47:49.673636	8
5262	67	pending	\N	\N	2025-11-01 23:47:49.673342	2025-11-01 23:47:49.673342	8
5263	30	pending	\N	\N	2025-11-01 23:47:49.673636	2025-11-01 23:47:49.673636	8
5264	50	pending	\N	\N	2025-11-01 23:47:49.673342	2025-11-01 23:47:49.673342	8
5265	51	pending	\N	\N	2025-11-01 23:47:49.673342	2025-11-01 23:47:49.673342	8
5266	62	pending	\N	\N	2025-11-01 23:47:49.673636	2025-11-01 23:47:49.673636	8
5267	76	pending	\N	\N	2025-11-01 23:47:49.673342	2025-11-01 23:47:49.673342	8
5268	67	pending	\N	\N	2025-11-01 23:47:49.673636	2025-11-01 23:47:49.673636	8
5269	50	pending	\N	\N	2025-11-01 23:47:49.673636	2025-11-01 23:47:49.673636	8
5270	69	pending	\N	\N	2025-11-01 23:47:49.673342	2025-11-01 23:47:49.673342	8
5271	51	pending	\N	\N	2025-11-01 23:47:49.673636	2025-11-01 23:47:49.673636	8
5273	76	pending	\N	\N	2025-11-01 23:47:49.673636	2025-11-01 23:47:49.673636	8
5274	69	pending	\N	\N	2025-11-01 23:47:49.673636	2025-11-01 23:47:49.673636	8
5275	81	pending	\N	\N	2025-11-01 23:47:49.673636	2025-11-01 23:47:49.673636	8
5276	79	pending	\N	\N	2025-11-01 23:47:49.673636	2025-11-01 23:47:49.673636	8
5277	42	pending	\N	\N	2025-11-01 23:47:49.673636	2025-11-01 23:47:49.673636	8
5278	59	pending	\N	\N	2025-11-01 23:47:49.673636	2025-11-01 23:47:49.673636	8
5279	84	pending	\N	\N	2025-11-01 23:47:49.673636	2025-11-01 23:47:49.673636	8
5280	74	pending	\N	\N	2025-11-01 23:47:49.673636	2025-11-01 23:47:49.673636	8
5281	6	completed	\N	\N	2025-11-01 23:47:49.673636	2025-11-01 23:47:49.673636	8
5282	29	pending	\N	\N	2025-11-01 23:47:49.673636	2025-11-01 23:47:49.673636	8
5283	41	pending	\N	\N	2025-11-01 23:47:49.673636	2025-11-01 23:47:49.673636	8
5284	16	pending	\N	\N	2025-11-01 23:47:49.673636	2025-11-01 23:47:49.673636	8
5285	54	pending	\N	\N	2025-11-01 23:47:49.673636	2025-11-01 23:47:49.673636	8
5287	36	pending	\N	\N	2025-11-01 23:47:49.673636	2025-11-01 23:47:49.673636	8
5289	4	pending	\N	\N	2025-11-01 23:47:49.673636	2025-11-01 23:47:49.673636	8
5291	53	pending	\N	\N	2025-11-01 23:47:49.673636	2025-11-01 23:47:49.673636	8
5293	44	pending	\N	\N	2025-11-01 23:47:49.673636	2025-11-01 23:47:49.673636	8
5295	58	pending	\N	\N	2025-11-01 23:47:49.673636	2025-11-01 23:47:49.673636	8
5297	1	pending	\N	\N	2025-11-01 23:47:49.673636	2025-11-01 23:47:49.673636	8
5299	86	pending	\N	\N	2025-11-01 23:47:49.673636	2025-11-01 23:47:49.673636	8
5302	49	pending	\N	\N	2025-11-01 23:47:49.673636	2025-11-01 23:47:49.673636	8
5304	22	pending	\N	\N	2025-11-01 23:47:49.673636	2025-11-01 23:47:49.673636	8
5305	70	pending	\N	\N	2025-11-01 23:47:49.673636	2025-11-01 23:47:49.673636	8
5307	45	pending	\N	\N	2025-11-01 23:47:49.673636	2025-11-01 23:47:49.673636	8
5308	60	pending	\N	\N	2025-11-01 23:47:49.673636	2025-11-01 23:47:49.673636	8
5309	75	pending	\N	\N	2025-11-01 23:47:49.673636	2025-11-01 23:47:49.673636	8
5311	43	pending	\N	\N	2025-11-01 23:47:49.673636	2025-11-01 23:47:49.673636	8
5313	3	pending	\N	\N	2025-11-01 23:47:49.673636	2025-11-01 23:47:49.673636	8
5316	61	pending	\N	\N	2025-11-01 23:47:49.673636	2025-11-01 23:47:49.673636	8
5318	87	pending	\N	\N	2025-11-01 23:47:49.673636	2025-11-01 23:47:49.673636	8
5319	14	completed	\N	\N	2025-11-01 23:47:49.673636	2025-11-01 23:47:49.673636	8
5320	35	pending	\N	\N	2025-11-01 23:47:49.673636	2025-11-01 23:47:49.673636	8
5321	63	pending	\N	\N	2025-11-01 23:47:49.673636	2025-11-01 23:47:49.673636	8
5322	9	completed	\N	\N	2025-11-01 23:47:49.673636	2025-11-01 23:47:49.673636	8
5323	88	pending	\N	\N	2025-11-01 23:47:49.673636	2025-11-01 23:47:49.673636	8
5324	7	pending	\N	\N	2025-11-01 23:47:49.673636	2025-11-01 23:47:49.673636	8
5292	23	in-progress	\N	\N	2025-11-01 23:47:49.673636	2025-11-01 23:47:49.673636	8
5272	81	pending	\N	\N	2025-11-01 23:47:49.673342	2025-11-01 23:47:49.673342	8
5286	79	pending	\N	\N	2025-11-01 23:47:49.673342	2025-11-01 23:47:49.673342	8
5288	42	pending	\N	\N	2025-11-01 23:47:49.673342	2025-11-01 23:47:49.673342	8
5290	59	pending	\N	\N	2025-11-01 23:47:49.673342	2025-11-01 23:47:49.673342	8
5294	84	pending	\N	\N	2025-11-01 23:47:49.673342	2025-11-01 23:47:49.673342	8
5296	74	pending	\N	\N	2025-11-01 23:47:49.673342	2025-11-01 23:47:49.673342	8
5298	6	completed	\N	\N	2025-11-01 23:47:49.673342	2025-11-01 23:47:49.673342	8
5300	29	pending	\N	\N	2025-11-01 23:47:49.673342	2025-11-01 23:47:49.673342	8
5301	41	pending	\N	\N	2025-11-01 23:47:49.673342	2025-11-01 23:47:49.673342	8
5303	16	pending	\N	\N	2025-11-01 23:47:49.673342	2025-11-01 23:47:49.673342	8
5306	54	pending	\N	\N	2025-11-01 23:47:49.673342	2025-11-01 23:47:49.673342	8
5310	36	pending	\N	\N	2025-11-01 23:47:49.673342	2025-11-01 23:47:49.673342	8
5312	4	pending	\N	\N	2025-11-01 23:47:49.673342	2025-11-01 23:47:49.673342	8
5314	53	pending	\N	\N	2025-11-01 23:47:49.673342	2025-11-01 23:47:49.673342	8
5317	44	pending	\N	\N	2025-11-01 23:47:49.673342	2025-11-01 23:47:49.673342	8
5325	58	pending	\N	\N	2025-11-01 23:47:49.673342	2025-11-01 23:47:49.673342	8
5326	1	pending	\N	\N	2025-11-01 23:47:49.673342	2025-11-01 23:47:49.673342	8
5327	86	pending	\N	\N	2025-11-01 23:47:49.673342	2025-11-01 23:47:49.673342	8
5328	49	pending	\N	\N	2025-11-01 23:47:49.673342	2025-11-01 23:47:49.673342	8
5329	22	pending	\N	\N	2025-11-01 23:47:49.673342	2025-11-01 23:47:49.673342	8
5330	70	pending	\N	\N	2025-11-01 23:47:49.673342	2025-11-01 23:47:49.673342	8
5331	45	pending	\N	\N	2025-11-01 23:47:49.673342	2025-11-01 23:47:49.673342	8
5332	60	pending	\N	\N	2025-11-01 23:47:49.673342	2025-11-01 23:47:49.673342	8
5333	75	pending	\N	\N	2025-11-01 23:47:49.673342	2025-11-01 23:47:49.673342	8
5334	43	pending	\N	\N	2025-11-01 23:47:49.673342	2025-11-01 23:47:49.673342	8
5335	3	pending	\N	\N	2025-11-01 23:47:49.673342	2025-11-01 23:47:49.673342	8
5336	61	pending	\N	\N	2025-11-01 23:47:49.673342	2025-11-01 23:47:49.673342	8
5337	87	pending	\N	\N	2025-11-01 23:47:49.673342	2025-11-01 23:47:49.673342	8
5338	14	completed	\N	\N	2025-11-01 23:47:49.673342	2025-11-01 23:47:49.673342	8
5339	35	pending	\N	\N	2025-11-01 23:47:49.673342	2025-11-01 23:47:49.673342	8
5340	63	pending	\N	\N	2025-11-01 23:47:49.673342	2025-11-01 23:47:49.673342	8
5341	9	completed	\N	\N	2025-11-01 23:47:49.673342	2025-11-01 23:47:49.673342	8
5342	88	pending	\N	\N	2025-11-01 23:47:49.673342	2025-11-01 23:47:49.673342	8
5343	7	pending	\N	\N	2025-11-01 23:47:49.673342	2025-11-01 23:47:49.673342	8
5315	23	in-progress	\N	\N	2025-11-01 23:47:49.673342	2025-11-01 23:47:49.673342	8
5344	20	pending	\N	\N	2025-11-01 23:49:02.627479	2025-11-01 23:49:02.627479	9
5345	20	pending	\N	\N	2025-11-01 23:49:02.627659	2025-11-01 23:49:02.627659	9
5346	82	pending	\N	\N	2025-11-01 23:49:02.627479	2025-11-01 23:49:02.627479	9
5348	82	pending	\N	\N	2025-11-01 23:49:02.627659	2025-11-01 23:49:02.627659	9
5350	26	pending	\N	\N	2025-11-01 23:49:02.627659	2025-11-01 23:49:02.627659	9
5351	27	pending	\N	\N	2025-11-01 23:49:02.627659	2025-11-01 23:49:02.627659	9
5353	11	pending	\N	\N	2025-11-01 23:49:02.627659	2025-11-01 23:49:02.627659	9
5352	26	pending	\N	\N	2025-11-01 23:49:02.627479	2025-11-01 23:49:02.627479	9
5354	39	pending	\N	\N	2025-11-01 23:49:02.627659	2025-11-01 23:49:02.627659	9
5355	17	completed	\N	\N	2025-11-01 23:49:02.627659	2025-11-01 23:49:02.627659	9
5356	66	pending	\N	\N	2025-11-01 23:49:02.627659	2025-11-01 23:49:02.627659	9
5357	89	pending	\N	\N	2025-11-01 23:49:02.627659	2025-11-01 23:49:02.627659	9
5358	27	pending	\N	\N	2025-11-01 23:49:02.627479	2025-11-01 23:49:02.627479	9
5359	33	pending	\N	\N	2025-11-01 23:49:02.627659	2025-11-01 23:49:02.627659	9
5360	11	pending	\N	\N	2025-11-01 23:49:02.627479	2025-11-01 23:49:02.627479	9
5362	39	pending	\N	\N	2025-11-01 23:49:02.627479	2025-11-01 23:49:02.627479	9
5363	17	completed	\N	\N	2025-11-01 23:49:02.627479	2025-11-01 23:49:02.627479	9
5361	57	pending	\N	\N	2025-11-01 23:49:02.627659	2025-11-01 23:49:02.627659	9
5364	66	pending	\N	\N	2025-11-01 23:49:02.627479	2025-11-01 23:49:02.627479	9
5365	31	pending	\N	\N	2025-11-01 23:49:02.627659	2025-11-01 23:49:02.627659	9
5366	34	pending	\N	\N	2025-11-01 23:49:02.627659	2025-11-01 23:49:02.627659	9
5367	12	completed	\N	\N	2025-11-01 23:49:02.627659	2025-11-01 23:49:02.627659	9
5368	10	pending	\N	\N	2025-11-01 23:49:02.627659	2025-11-01 23:49:02.627659	9
5369	89	pending	\N	\N	2025-11-01 23:49:02.627479	2025-11-01 23:49:02.627479	9
5370	18	completed	\N	\N	2025-11-01 23:49:02.627659	2025-11-01 23:49:02.627659	9
5371	33	pending	\N	\N	2025-11-01 23:49:02.627479	2025-11-01 23:49:02.627479	9
5372	57	pending	\N	\N	2025-11-01 23:49:02.627479	2025-11-01 23:49:02.627479	9
5373	31	pending	\N	\N	2025-11-01 23:49:02.627479	2025-11-01 23:49:02.627479	9
5374	64	pending	\N	\N	2025-11-01 23:49:02.627659	2025-11-01 23:49:02.627659	9
5375	34	pending	\N	\N	2025-11-01 23:49:02.627479	2025-11-01 23:49:02.627479	9
5376	71	pending	\N	\N	2025-11-01 23:49:02.627659	2025-11-01 23:49:02.627659	9
5377	12	completed	\N	\N	2025-11-01 23:49:02.627479	2025-11-01 23:49:02.627479	9
5378	10	pending	\N	\N	2025-11-01 23:49:02.627479	2025-11-01 23:49:02.627479	9
5380	18	completed	\N	\N	2025-11-01 23:49:02.627479	2025-11-01 23:49:02.627479	9
5381	64	pending	\N	\N	2025-11-01 23:49:02.627479	2025-11-01 23:49:02.627479	9
5379	2	pending	\N	\N	2025-11-01 23:49:02.627659	2025-11-01 23:49:02.627659	9
5382	71	pending	\N	\N	2025-11-01 23:49:02.627479	2025-11-01 23:49:02.627479	9
5384	2	pending	\N	\N	2025-11-01 23:49:02.627479	2025-11-01 23:49:02.627479	9
5385	72	pending	\N	\N	2025-11-01 23:49:02.627479	2025-11-01 23:49:02.627479	9
5383	72	pending	\N	\N	2025-11-01 23:49:02.627659	2025-11-01 23:49:02.627659	9
5386	47	pending	\N	\N	2025-11-01 23:49:02.627479	2025-11-01 23:49:02.627479	9
5387	47	pending	\N	\N	2025-11-01 23:49:02.627659	2025-11-01 23:49:02.627659	9
5388	46	pending	\N	\N	2025-11-01 23:49:02.627479	2025-11-01 23:49:02.627479	9
5389	46	pending	\N	\N	2025-11-01 23:49:02.627659	2025-11-01 23:49:02.627659	9
5390	83	pending	\N	\N	2025-11-01 23:49:02.627659	2025-11-01 23:49:02.627659	9
5391	83	pending	\N	\N	2025-11-01 23:49:02.627479	2025-11-01 23:49:02.627479	9
5392	15	pending	\N	\N	2025-11-01 23:49:02.627659	2025-11-01 23:49:02.627659	9
5393	15	pending	\N	\N	2025-11-01 23:49:02.627479	2025-11-01 23:49:02.627479	9
5394	77	pending	\N	\N	2025-11-01 23:49:02.627479	2025-11-01 23:49:02.627479	9
5395	77	pending	\N	\N	2025-11-01 23:49:02.627659	2025-11-01 23:49:02.627659	9
5396	73	pending	\N	\N	2025-11-01 23:49:02.627479	2025-11-01 23:49:02.627479	9
5397	73	pending	\N	\N	2025-11-01 23:49:02.627659	2025-11-01 23:49:02.627659	9
5398	56	pending	\N	\N	2025-11-01 23:49:02.627659	2025-11-01 23:49:02.627659	9
5399	40	pending	\N	\N	2025-11-01 23:49:02.627659	2025-11-01 23:49:02.627659	9
5400	13	completed	\N	\N	2025-11-01 23:49:02.627659	2025-11-01 23:49:02.627659	9
5401	21	pending	\N	\N	2025-11-01 23:49:02.627659	2025-11-01 23:49:02.627659	9
5402	5	completed	\N	\N	2025-11-01 23:49:02.627659	2025-11-01 23:49:02.627659	9
5403	19	pending	\N	\N	2025-11-01 23:49:02.627659	2025-11-01 23:49:02.627659	9
5404	65	pending	\N	\N	2025-11-01 23:49:02.627659	2025-11-01 23:49:02.627659	9
5405	52	pending	\N	\N	2025-11-01 23:49:02.627659	2025-11-01 23:49:02.627659	9
5406	37	pending	\N	\N	2025-11-01 23:49:02.627659	2025-11-01 23:49:02.627659	9
5407	85	pending	\N	\N	2025-11-01 23:49:02.627659	2025-11-01 23:49:02.627659	9
5408	56	pending	\N	\N	2025-11-01 23:49:02.627479	2025-11-01 23:49:02.627479	9
5409	32	pending	\N	\N	2025-11-01 23:49:02.627659	2025-11-01 23:49:02.627659	9
5410	40	pending	\N	\N	2025-11-01 23:49:02.627479	2025-11-01 23:49:02.627479	9
5411	13	completed	\N	\N	2025-11-01 23:49:02.627479	2025-11-01 23:49:02.627479	9
5412	78	pending	\N	\N	2025-11-01 23:49:02.627659	2025-11-01 23:49:02.627659	9
5347	25	completed	\N	\N	2025-11-01 23:49:02.627479	2025-11-01 23:49:02.627479	9
5415	21	pending	\N	\N	2025-11-01 23:49:02.627479	2025-11-01 23:49:02.627479	9
5416	5	completed	\N	\N	2025-11-01 23:49:02.627479	2025-11-01 23:49:02.627479	9
5417	19	pending	\N	\N	2025-11-01 23:49:02.627479	2025-11-01 23:49:02.627479	9
5418	65	pending	\N	\N	2025-11-01 23:49:02.627479	2025-11-01 23:49:02.627479	9
5419	52	pending	\N	\N	2025-11-01 23:49:02.627479	2025-11-01 23:49:02.627479	9
5420	37	pending	\N	\N	2025-11-01 23:49:02.627479	2025-11-01 23:49:02.627479	9
5421	85	pending	\N	\N	2025-11-01 23:49:02.627479	2025-11-01 23:49:02.627479	9
5422	32	pending	\N	\N	2025-11-01 23:49:02.627479	2025-11-01 23:49:02.627479	9
5423	78	pending	\N	\N	2025-11-01 23:49:02.627479	2025-11-01 23:49:02.627479	9
5425	55	pending	\N	\N	2025-11-01 23:49:02.627479	2025-11-01 23:49:02.627479	9
5426	68	pending	\N	\N	2025-11-01 23:49:02.627479	2025-11-01 23:49:02.627479	9
5427	38	pending	\N	\N	2025-11-01 23:49:02.627479	2025-11-01 23:49:02.627479	9
5428	8	completed	\N	\N	2025-11-01 23:49:02.627479	2025-11-01 23:49:02.627479	9
5429	80	pending	\N	\N	2025-11-01 23:49:02.627479	2025-11-01 23:49:02.627479	9
5430	48	pending	\N	\N	2025-11-01 23:49:02.627479	2025-11-01 23:49:02.627479	9
5431	28	pending	\N	\N	2025-11-01 23:49:02.627479	2025-11-01 23:49:02.627479	9
5432	30	pending	\N	\N	2025-11-01 23:49:02.627479	2025-11-01 23:49:02.627479	9
5434	62	pending	\N	\N	2025-11-01 23:49:02.627479	2025-11-01 23:49:02.627479	9
5435	67	pending	\N	\N	2025-11-01 23:49:02.627479	2025-11-01 23:49:02.627479	9
5437	50	pending	\N	\N	2025-11-01 23:49:02.627479	2025-11-01 23:49:02.627479	9
5439	51	pending	\N	\N	2025-11-01 23:49:02.627479	2025-11-01 23:49:02.627479	9
5441	76	pending	\N	\N	2025-11-01 23:49:02.627479	2025-11-01 23:49:02.627479	9
5443	69	pending	\N	\N	2025-11-01 23:49:02.627479	2025-11-01 23:49:02.627479	9
5445	81	pending	\N	\N	2025-11-01 23:49:02.627479	2025-11-01 23:49:02.627479	9
5447	79	pending	\N	\N	2025-11-01 23:49:02.627479	2025-11-01 23:49:02.627479	9
5449	42	pending	\N	\N	2025-11-01 23:49:02.627479	2025-11-01 23:49:02.627479	9
5451	59	pending	\N	\N	2025-11-01 23:49:02.627479	2025-11-01 23:49:02.627479	9
5454	84	pending	\N	\N	2025-11-01 23:49:02.627479	2025-11-01 23:49:02.627479	9
5455	74	pending	\N	\N	2025-11-01 23:49:02.627479	2025-11-01 23:49:02.627479	9
5457	6	completed	\N	\N	2025-11-01 23:49:02.627479	2025-11-01 23:49:02.627479	9
5461	29	pending	\N	\N	2025-11-01 23:49:02.627479	2025-11-01 23:49:02.627479	9
5463	41	pending	\N	\N	2025-11-01 23:49:02.627479	2025-11-01 23:49:02.627479	9
5465	16	pending	\N	\N	2025-11-01 23:49:02.627479	2025-11-01 23:49:02.627479	9
5467	54	pending	\N	\N	2025-11-01 23:49:02.627479	2025-11-01 23:49:02.627479	9
5469	36	pending	\N	\N	2025-11-01 23:49:02.627479	2025-11-01 23:49:02.627479	9
5471	4	pending	\N	\N	2025-11-01 23:49:02.627479	2025-11-01 23:49:02.627479	9
5473	53	pending	\N	\N	2025-11-01 23:49:02.627479	2025-11-01 23:49:02.627479	9
5477	44	pending	\N	\N	2025-11-01 23:49:02.627479	2025-11-01 23:49:02.627479	9
5479	58	pending	\N	\N	2025-11-01 23:49:02.627479	2025-11-01 23:49:02.627479	9
5482	1	pending	\N	\N	2025-11-01 23:49:02.627479	2025-11-01 23:49:02.627479	9
5484	86	pending	\N	\N	2025-11-01 23:49:02.627479	2025-11-01 23:49:02.627479	9
5486	49	pending	\N	\N	2025-11-01 23:49:02.627479	2025-11-01 23:49:02.627479	9
5488	22	pending	\N	\N	2025-11-01 23:49:02.627479	2025-11-01 23:49:02.627479	9
5490	70	pending	\N	\N	2025-11-01 23:49:02.627479	2025-11-01 23:49:02.627479	9
5492	45	pending	\N	\N	2025-11-01 23:49:02.627479	2025-11-01 23:49:02.627479	9
5494	60	pending	\N	\N	2025-11-01 23:49:02.627479	2025-11-01 23:49:02.627479	9
5497	75	pending	\N	\N	2025-11-01 23:49:02.627479	2025-11-01 23:49:02.627479	9
5499	43	pending	\N	\N	2025-11-01 23:49:02.627479	2025-11-01 23:49:02.627479	9
5501	3	pending	\N	\N	2025-11-01 23:49:02.627479	2025-11-01 23:49:02.627479	9
5503	61	pending	\N	\N	2025-11-01 23:49:02.627479	2025-11-01 23:49:02.627479	9
5505	87	pending	\N	\N	2025-11-01 23:49:02.627479	2025-11-01 23:49:02.627479	9
5507	14	completed	\N	\N	2025-11-01 23:49:02.627479	2025-11-01 23:49:02.627479	9
5509	35	pending	\N	\N	2025-11-01 23:49:02.627479	2025-11-01 23:49:02.627479	9
5512	63	pending	\N	\N	2025-11-01 23:49:02.627479	2025-11-01 23:49:02.627479	9
5513	9	completed	\N	\N	2025-11-01 23:49:02.627479	2025-11-01 23:49:02.627479	9
5514	88	pending	\N	\N	2025-11-01 23:49:02.627479	2025-11-01 23:49:02.627479	9
5515	7	pending	\N	\N	2025-11-01 23:49:02.627479	2025-11-01 23:49:02.627479	9
5475	23	completed	\N	\N	2025-11-01 23:49:02.627479	2025-11-01 23:49:02.627479	9
5424	24	completed	\N	\N	2025-11-01 23:49:02.627479	2025-11-01 23:49:02.627479	9
5414	55	pending	\N	\N	2025-11-01 23:49:02.627659	2025-11-01 23:49:02.627659	9
5433	68	pending	\N	\N	2025-11-01 23:49:02.627659	2025-11-01 23:49:02.627659	9
5436	38	pending	\N	\N	2025-11-01 23:49:02.627659	2025-11-01 23:49:02.627659	9
5438	8	completed	\N	\N	2025-11-01 23:49:02.627659	2025-11-01 23:49:02.627659	9
5440	80	pending	\N	\N	2025-11-01 23:49:02.627659	2025-11-01 23:49:02.627659	9
5442	48	pending	\N	\N	2025-11-01 23:49:02.627659	2025-11-01 23:49:02.627659	9
5444	28	pending	\N	\N	2025-11-01 23:49:02.627659	2025-11-01 23:49:02.627659	9
5446	30	pending	\N	\N	2025-11-01 23:49:02.627659	2025-11-01 23:49:02.627659	9
5448	62	pending	\N	\N	2025-11-01 23:49:02.627659	2025-11-01 23:49:02.627659	9
5450	67	pending	\N	\N	2025-11-01 23:49:02.627659	2025-11-01 23:49:02.627659	9
5452	50	pending	\N	\N	2025-11-01 23:49:02.627659	2025-11-01 23:49:02.627659	9
5453	51	pending	\N	\N	2025-11-01 23:49:02.627659	2025-11-01 23:49:02.627659	9
5456	76	pending	\N	\N	2025-11-01 23:49:02.627659	2025-11-01 23:49:02.627659	9
5458	69	pending	\N	\N	2025-11-01 23:49:02.627659	2025-11-01 23:49:02.627659	9
5459	81	pending	\N	\N	2025-11-01 23:49:02.627659	2025-11-01 23:49:02.627659	9
5460	79	pending	\N	\N	2025-11-01 23:49:02.627659	2025-11-01 23:49:02.627659	9
5462	42	pending	\N	\N	2025-11-01 23:49:02.627659	2025-11-01 23:49:02.627659	9
5464	59	pending	\N	\N	2025-11-01 23:49:02.627659	2025-11-01 23:49:02.627659	9
5466	84	pending	\N	\N	2025-11-01 23:49:02.627659	2025-11-01 23:49:02.627659	9
5468	74	pending	\N	\N	2025-11-01 23:49:02.627659	2025-11-01 23:49:02.627659	9
5470	6	completed	\N	\N	2025-11-01 23:49:02.627659	2025-11-01 23:49:02.627659	9
5472	29	pending	\N	\N	2025-11-01 23:49:02.627659	2025-11-01 23:49:02.627659	9
5474	41	pending	\N	\N	2025-11-01 23:49:02.627659	2025-11-01 23:49:02.627659	9
5476	16	pending	\N	\N	2025-11-01 23:49:02.627659	2025-11-01 23:49:02.627659	9
5478	54	pending	\N	\N	2025-11-01 23:49:02.627659	2025-11-01 23:49:02.627659	9
5480	36	pending	\N	\N	2025-11-01 23:49:02.627659	2025-11-01 23:49:02.627659	9
5481	4	pending	\N	\N	2025-11-01 23:49:02.627659	2025-11-01 23:49:02.627659	9
5483	53	pending	\N	\N	2025-11-01 23:49:02.627659	2025-11-01 23:49:02.627659	9
5487	44	pending	\N	\N	2025-11-01 23:49:02.627659	2025-11-01 23:49:02.627659	9
5489	58	pending	\N	\N	2025-11-01 23:49:02.627659	2025-11-01 23:49:02.627659	9
5491	1	pending	\N	\N	2025-11-01 23:49:02.627659	2025-11-01 23:49:02.627659	9
5493	86	pending	\N	\N	2025-11-01 23:49:02.627659	2025-11-01 23:49:02.627659	9
5495	49	pending	\N	\N	2025-11-01 23:49:02.627659	2025-11-01 23:49:02.627659	9
5496	22	pending	\N	\N	2025-11-01 23:49:02.627659	2025-11-01 23:49:02.627659	9
5498	70	pending	\N	\N	2025-11-01 23:49:02.627659	2025-11-01 23:49:02.627659	9
5500	45	pending	\N	\N	2025-11-01 23:49:02.627659	2025-11-01 23:49:02.627659	9
5502	60	pending	\N	\N	2025-11-01 23:49:02.627659	2025-11-01 23:49:02.627659	9
5504	75	pending	\N	\N	2025-11-01 23:49:02.627659	2025-11-01 23:49:02.627659	9
5506	43	pending	\N	\N	2025-11-01 23:49:02.627659	2025-11-01 23:49:02.627659	9
5508	3	pending	\N	\N	2025-11-01 23:49:02.627659	2025-11-01 23:49:02.627659	9
5510	61	pending	\N	\N	2025-11-01 23:49:02.627659	2025-11-01 23:49:02.627659	9
5511	87	pending	\N	\N	2025-11-01 23:49:02.627659	2025-11-01 23:49:02.627659	9
5516	14	completed	\N	\N	2025-11-01 23:49:02.627659	2025-11-01 23:49:02.627659	9
5517	35	pending	\N	\N	2025-11-01 23:49:02.627659	2025-11-01 23:49:02.627659	9
5518	63	pending	\N	\N	2025-11-01 23:49:02.627659	2025-11-01 23:49:02.627659	9
5519	9	completed	\N	\N	2025-11-01 23:49:02.627659	2025-11-01 23:49:02.627659	9
5520	88	pending	\N	\N	2025-11-01 23:49:02.627659	2025-11-01 23:49:02.627659	9
5521	7	pending	\N	\N	2025-11-01 23:49:02.627659	2025-11-01 23:49:02.627659	9
5349	25	completed	\N	\N	2025-11-01 23:49:02.627659	2025-11-01 23:49:02.627659	9
5485	23	completed	\N	\N	2025-11-01 23:49:02.627659	2025-11-01 23:49:02.627659	9
5413	24	completed	\N	\N	2025-11-01 23:49:02.627659	2025-11-01 23:49:02.627659	9
\.


--
-- TOC entry 4440 (class 0 OID 17131)
-- Dependencies: 244
-- Data for Name: tasks; Type: TABLE DATA; Schema: public; Owner: sagarroy
--

COPY public.tasks (id, step_id, name, sort_order, created_at, updated_at, type, url, text, status) FROM stdin;
4	1	Buyer rating assigned	4	2025-09-15 15:28:25.042381	2025-09-15 15:28:25.042381	1	/buyer/ratings	Run Check	pending
17	5	Review terms	2	2025-09-15 15:28:25.042381	2025-09-15 15:28:25.042381	0	\N	\N	completed
18	5	E-sign agreement	3	2025-09-15 15:28:25.042381	2025-09-15 15:28:25.042381	0	\N	\N	completed
15	4	Sign acceptance	3	2025-09-15 15:28:25.042381	2025-09-15 15:28:25.042381	0	\N	\N	pending
19	5	Distribute copies	4	2025-09-15 15:28:25.042381	2025-09-15 15:28:25.042381	0	\N	\N	pending
20	6	Attorney assignment	1	2025-09-15 15:28:25.042381	2025-09-15 15:28:25.042381	0	\N	\N	pending
21	6	Contract review	2	2025-09-15 15:28:25.042381	2025-09-15 15:28:25.042381	0	\N	\N	pending
22	6	Review period expired	3	2025-09-15 15:28:25.042381	2025-09-15 15:28:25.042381	0	\N	\N	pending
24	7	Send wire transfer	2	2025-09-15 15:28:25.042381	2025-09-15 15:28:25.042381	0	\N	\N	pending
25	7	Confirm receipt	3	2025-09-15 15:28:25.042381	2025-09-15 15:28:25.042381	0	\N	\N	pending
27	8	Conduct inspection	2	2025-09-15 15:28:25.042381	2025-09-15 14:24:29.719879	0	\N	\N	pending
28	8	Receive report	3	2025-09-15 15:28:25.042381	2025-09-15 14:24:31.100075	0	\N	\N	pending
29	8	Review findings	4	2025-09-15 15:28:25.042381	2025-09-15 14:24:33.079366	0	\N	\N	pending
30	9	Review inspection report	1	2025-09-15 15:28:25.042381	2025-09-15 14:23:41.761323	0	\N	\N	pending
31	9	Identify repair items	2	2025-09-15 15:28:25.042381	2025-09-15 14:23:39.431063	0	\N	\N	pending
32	9	Submit repair request	3	2025-09-15 15:28:25.042381	2025-09-15 14:23:34.996977	0	\N	\N	pending
33	9	Negotiate agreement	4	2025-09-15 15:28:25.042381	2025-09-15 14:23:44.346558	0	\N	\N	pending
34	10	Submit application	1	2025-09-15 15:28:25.042381	2025-09-15 15:28:25.042381	0	\N	\N	pending
35	10	Upload tax returns	2	2025-09-15 15:28:25.042381	2025-09-15 15:28:25.042381	0	\N	\N	pending
36	10	Upload bank statements	3	2025-09-15 15:28:25.042381	2025-09-15 15:28:25.042381	0	\N	\N	pending
37	10	Employment verification	4	2025-09-15 15:28:25.042381	2025-09-16 13:52:34.579271	0	\N	\N	pending
38	11	Schedule appraisal	1	2025-09-15 15:28:25.042381	2025-09-15 14:51:34.297593	0	\N	\N	pending
39	11	Property visit	2	2025-09-15 15:28:25.042381	2025-09-15 14:51:35.759482	0	\N	\N	pending
40	11	Receive report	3	2025-09-15 15:28:25.042381	2025-09-15 15:16:52.755858	0	\N	\N	pending
41	11	Value confirmation	4	2025-09-15 15:28:25.042381	2025-09-15 15:16:54.749183	0	\N	\N	pending
42	12	Initial review	1	2025-09-15 15:28:25.042381	2025-09-16 13:47:00.295668	0	\N	\N	pending
43	12	Conditional approval	2	2025-09-15 15:28:25.042381	2025-09-16 13:49:54.367909	0	\N	\N	pending
44	12	Clear conditions	3	2025-09-15 15:28:25.042381	2025-09-16 13:45:27.691714	0	\N	\N	pending
45	12	Clear to close	4	2025-09-15 15:28:25.042381	2025-09-16 13:49:38.279294	0	\N	\N	pending
46	13	Order title search	1	2025-09-15 15:28:25.042381	2025-09-15 15:28:25.042381	0	\N	\N	pending
47	13	Research records	2	2025-09-15 15:28:25.042381	2025-09-15 14:15:12.088915	0	\N	\N	pending
48	13	Identify issues	3	2025-09-15 15:28:25.042381	2025-09-15 14:15:10.87988	0	\N	\N	pending
49	13	Clear title	4	2025-09-15 15:28:25.042381	2025-09-15 14:15:13.907684	0	\N	\N	pending
50	14	Quote policies	1	2025-09-15 15:28:25.042381	2025-09-15 14:15:05.545328	0	\N	\N	pending
51	14	Select coverage	2	2025-09-15 15:28:25.042381	2025-09-15 14:15:01.23347	0	\N	\N	pending
52	14	Pay premiums	3	2025-09-15 15:28:25.042381	2025-09-15 14:15:02.887723	0	\N	\N	pending
53	15	Get quotes	1	2025-09-15 15:28:25.042381	2025-09-15 15:49:38.717336	0	\N	\N	pending
54	15	Select policy	2	2025-09-15 15:28:25.042381	2025-09-15 15:48:10.440155	0	\N	\N	pending
55	15	Provide proof to lender	3	2025-09-15 15:28:25.042381	2025-09-15 15:50:34.760475	0	\N	\N	pending
56	16	Generate closing disclosure	1	2025-09-15 15:28:25.042381	2025-09-15 14:14:48.73976	0	\N	\N	pending
58	16	Calculate final costs	3	2025-09-15 15:28:25.042381	2025-09-15 14:14:47.261394	0	\N	\N	pending
59	16	Send for review	4	2025-09-15 15:28:25.042381	2025-09-15 13:55:08.084623	0	\N	\N	pending
60	17	Schedule walk-through	1	2025-09-15 15:28:25.042381	2025-09-15 15:23:48.390389	0	\N	\N	pending
61	17	Verify repairs	2	2025-09-15 15:28:25.042381	2025-09-15 15:23:47.66167	0	\N	\N	pending
62	17	Check condition	3	2025-09-15 15:28:25.042381	2025-09-15 15:23:50.176215	0	\N	\N	pending
63	17	Document issues	4	2025-09-15 15:28:25.042381	2025-09-15 15:23:52.184166	0	\N	\N	pending
64	18	Schedule appointment	1	2025-09-15 15:28:25.042381	2025-09-15 15:23:56.634332	0	\N	\N	pending
65	18	Verify attendees	2	2025-09-15 15:28:25.042381	2025-09-15 15:23:57.283554	0	\N	\N	pending
66	18	Setup video call	3	2025-09-15 15:28:25.042381	2025-09-15 15:23:59.068841	0	\N	\N	pending
67	19	Identity verification	1	2025-09-15 15:28:25.042381	2025-09-15 15:24:04.350429	0	\N	\N	pending
68	19	Sign documents	2	2025-09-15 15:28:25.042381	2025-09-15 15:24:05.42735	0	\N	\N	pending
69	19	Notarize documents	3	2025-09-15 15:28:25.042381	2025-09-15 15:24:02.302686	0	\N	\N	pending
70	20	Receive loan funds	1	2025-09-15 15:28:25.042381	2025-09-15 15:24:10.732193	0	\N	\N	pending
71	20	Receive down payment	2	2025-09-15 15:28:25.042381	2025-09-15 15:24:11.68566	0	\N	\N	pending
72	20	Disburse funds	3	2025-09-15 15:28:25.042381	2025-09-15 15:24:12.651564	0	\N	\N	pending
73	20	Generate receipts	4	2025-09-15 15:28:25.042381	2025-09-15 15:24:13.440083	0	\N	\N	pending
74	21	Submit for recording	1	2025-09-15 15:28:25.042381	2025-09-15 15:24:16.749422	0	\N	\N	pending
75	21	Receive confirmation	2	2025-09-15 15:28:25.042381	2025-09-15 15:24:17.36824	0	\N	\N	pending
76	21	Get recorded deed	3	2025-09-15 15:28:25.042381	2025-09-15 15:24:18.270645	0	\N	\N	pending
77	22	Receive keys	1	2025-09-15 15:28:25.042381	2025-09-16 13:53:04.565433	0	\N	\N	pending
78	22	Transfer utilities	2	2025-09-15 15:28:25.042381	2025-09-16 16:04:23.320982	0	\N	\N	pending
79	22	Confirm possession	3	2025-09-15 15:28:25.042381	2025-09-16 16:02:57.676195	0	\N	\N	pending
80	23	Issue policies	1	2025-09-15 15:28:25.042381	2025-09-15 16:02:11.67607	0	\N	\N	pending
81	23	Deliver policies	2	2025-09-15 15:28:25.042381	2025-09-16 13:54:12.027791	0	\N	\N	pending
82	23	Store securely	3	2025-09-15 15:28:25.042381	2025-09-16 13:54:24.993807	0	\N	\N	pending
83	24	Compile documents	1	2025-09-15 15:28:25.042381	2025-09-16 20:22:20.232554	0	\N	\N	pending
84	24	Create package	2	2025-09-15 15:28:25.042381	2025-09-16 20:06:07.151616	0	\N	\N	pending
85	24	Deliver to parties	3	2025-09-15 15:28:25.042381	2025-09-16 13:55:21.634221	0	\N	\N	pending
86	25	Calculate fees	1	2025-09-15 15:28:25.042381	2025-09-16 20:13:36.984203	0	\N	\N	pending
87	25	Collect payment	2	2025-09-15 15:28:25.042381	2025-09-16 20:12:17.405766	0	\N	\N	pending
88	25	Generate savings report	3	2025-09-15 15:28:25.042381	2025-09-16 20:07:13.163867	0	\N	\N	pending
11	3	E-sign offer	3	2025-09-15 15:28:25.042381	2025-09-15 15:28:25.042381	1	/buyer/esign	Complete E-sign	pending
10	3	Select contingencies	2	2025-09-15 15:28:25.042381	2025-09-15 15:28:25.042381	1	/buyer/contingency	Select	pending
16	5	Generate contract	1	2025-09-15 15:28:25.042381	2025-09-15 15:28:25.042381	3	/api/contracts/download	Generate Contract	pending
5	2	Browse listings	1	2025-09-15 15:28:25.042381	2025-09-15 15:28:25.042381	0	\N	\N	completed
6	2	Review comparable sales	2	2025-09-15 15:28:25.042381	2025-09-15 15:28:25.042381	0	\N	\N	completed
26	8	Schedule inspection	1	2025-09-15 15:28:25.042381	2025-09-15 15:28:25.042381	4	\N	Schedule Inspection	pending
23	7	Receive wire instructions	1	2025-09-15 15:28:25.042381	2025-09-15 15:28:25.042381	1	/buyer/wiretransfer	Wire Transfer	pending
8	2	Select property	4	2025-09-15 15:28:25.042381	2025-09-15 15:28:25.042381	0	\N	\N	completed
9	3	Set offer price	1	2025-09-15 15:28:25.042381	2025-09-15 15:28:25.042381	0	\N	\N	completed
12	3	Submit to seller	4	2025-09-15 15:28:25.042381	2025-09-15 15:28:25.042381	0	\N	\N	completed
13	4	Review counter-offer	1	2025-09-15 15:28:25.042381	2025-09-15 15:28:25.042381	0	\N	\N	completed
14	4	Accept final terms	2	2025-09-15 15:28:25.042381	2025-09-15 15:28:25.042381	0	\N	\N	completed
7	2	Schedule showings	3	2025-09-15 15:28:25.042381	2025-09-15 15:28:25.042381	0	\N	\N	pending
89	25	Celebrate success!	4	2025-09-15 15:28:25.042381	2025-09-16 20:21:52.173288	0	\N	\N	pending
57	16	Prepare deed	2	2025-09-15 15:28:25.042381	2025-09-15 14:14:44.938079	0	\N	\N	pending
1	1	Submit financial information	1	2025-09-15 15:28:25.042381	2025-09-15 15:28:25.042381	1	/buyer/pre-approval	Upload Documents	pending
2	1	Credit check completed	2	2025-09-15 15:28:25.042381	2025-09-15 15:28:25.042381	1	/buyer/credit-check	Credit Check	pending
3	1	Pre-approval letter received	3	2025-09-15 15:28:25.042381	2025-09-15 15:28:25.042381	2	/api/applications/downpreval	Download Pre-Approval Letter	pending
\.


--
-- TOC entry 4480 (class 0 OID 26261)
-- Dependencies: 284
-- Data for Name: title_companies; Type: TABLE DATA; Schema: public; Owner: sagarroy
--

COPY public.title_companies (id, name, phone, email, address, city, state, zip_code, license_number, contact_person, contact_phone, active, created_at, updated_at) FROM stdin;
1	First Title Company	555-0001	info@firsttitle.com	123 Main St	New York	NY	10001	TC-001	\N	\N	t	2025-10-25 10:18:44.035493	2025-10-25 10:18:44.035493
2	Premier Title Services	555-0002	contact@premiertitle.com	456 Oak Ave	Los Angeles	CA	90001	TC-002	\N	\N	t	2025-10-25 10:18:44.035493	2025-10-25 10:18:44.035493
3	Capital Title Group	555-0003	hello@capitaltitle.com	789 Elm St	Chicago	IL	60601	TC-003	\N	\N	t	2025-10-25 10:18:44.035493	2025-10-25 10:18:44.035493
4	Sunshine Title Company	555-0004	support@sunshinetitle.com	321 Palm Rd	Miami	FL	33101	TC-004	\N	\N	t	2025-10-25 10:18:44.035493	2025-10-25 10:18:44.035493
5	Mountain Title LLC	555-0005	info@mountaintitle.com	654 Peak St	Denver	CO	80201	TC-005	\N	\N	t	2025-10-25 10:18:44.035493	2025-10-25 10:18:44.035493
\.


--
-- TOC entry 4478 (class 0 OID 25934)
-- Dependencies: 282
-- Data for Name: tour_availability; Type: TABLE DATA; Schema: public; Owner: sagarroy
--

COPY public.tour_availability (id, property_id, available_date, start_time, end_time, max_tours, current_bookings, is_active, created_at) FROM stdin;
4	11	2025-10-18	14:00:00	15:00:00	2	0	t	2025-10-18 00:51:04.770677
6	11	2025-10-18	16:00:00	17:00:00	2	0	t	2025-10-18 00:51:04.770677
7	11	2025-10-19	09:00:00	10:00:00	2	0	t	2025-10-18 00:51:04.770677
8	11	2025-10-19	10:00:00	11:00:00	2	1	t	2025-10-18 00:51:04.770677
9	11	2025-10-19	11:00:00	12:00:00	2	0	t	2025-10-18 00:51:04.770677
10	11	2025-10-19	14:00:00	15:00:00	2	0	t	2025-10-18 00:51:04.770677
11	11	2025-10-19	15:00:00	16:00:00	2	1	t	2025-10-18 00:51:04.770677
12	11	2025-10-19	16:00:00	17:00:00	2	0	t	2025-10-18 00:51:04.770677
13	11	2025-10-20	09:00:00	10:00:00	2	0	t	2025-10-18 00:51:04.770677
14	11	2025-10-20	10:00:00	11:00:00	2	0	t	2025-10-18 00:51:04.770677
15	11	2025-10-20	11:00:00	12:00:00	2	2	t	2025-10-18 00:51:04.770677
16	11	2025-10-20	14:00:00	15:00:00	2	0	t	2025-10-18 00:51:04.770677
17	11	2025-10-20	15:00:00	16:00:00	2	0	t	2025-10-18 00:51:04.770677
18	11	2025-10-20	16:00:00	17:00:00	2	0	t	2025-10-18 00:51:04.770677
19	1	2025-10-21	10:00:00	11:00:00	2	0	t	2025-10-18 00:51:04.770677
20	1	2025-10-21	11:00:00	12:00:00	2	0	t	2025-10-18 00:51:04.770677
21	1	2025-10-21	14:00:00	15:00:00	2	1	t	2025-10-18 00:51:04.770677
22	1	2025-10-21	15:00:00	16:00:00	2	0	t	2025-10-18 00:51:04.770677
23	1	2025-10-22	09:00:00	10:00:00	2	0	t	2025-10-18 00:51:04.770677
24	1	2025-10-22	10:00:00	11:00:00	2	0	t	2025-10-18 00:51:04.770677
25	1	2025-10-22	14:00:00	15:00:00	2	0	t	2025-10-18 00:51:04.770677
26	1	2025-10-22	15:00:00	16:00:00	2	0	t	2025-10-18 00:51:04.770677
27	1	2025-10-23	10:00:00	11:00:00	3	0	t	2025-10-18 00:51:04.770677
28	1	2025-10-23	11:00:00	12:00:00	3	1	t	2025-10-18 00:51:04.770677
29	1	2025-10-23	12:00:00	13:00:00	3	0	t	2025-10-18 00:51:04.770677
30	1	2025-10-23	14:00:00	15:00:00	3	0	t	2025-10-18 00:51:04.770677
31	1	2025-10-23	15:00:00	16:00:00	3	2	t	2025-10-18 00:51:04.770677
32	1	2025-10-23	16:00:00	17:00:00	3	0	t	2025-10-18 00:51:04.770677
33	1	2025-10-24	10:00:00	11:00:00	3	0	t	2025-10-18 00:51:04.770677
34	1	2025-10-24	11:00:00	12:00:00	3	0	t	2025-10-18 00:51:04.770677
35	1	2025-10-24	12:00:00	13:00:00	3	1	t	2025-10-18 00:51:04.770677
36	1	2025-10-24	14:00:00	15:00:00	3	0	t	2025-10-18 00:51:04.770677
37	1	2025-10-24	15:00:00	16:00:00	3	0	t	2025-10-18 00:51:04.770677
38	1	2025-10-24	16:00:00	17:00:00	3	0	t	2025-10-18 00:51:04.770677
39	2	2025-10-18	17:00:00	18:00:00	1	0	t	2025-10-18 00:51:04.770677
40	2	2025-10-18	18:00:00	19:00:00	1	0	t	2025-10-18 00:51:04.770677
41	2	2025-10-19	17:00:00	18:00:00	1	1	t	2025-10-18 00:51:04.770677
42	2	2025-10-19	18:00:00	19:00:00	1	0	t	2025-10-18 00:51:04.770677
43	2	2025-10-20	17:00:00	18:00:00	1	0	t	2025-10-18 00:51:04.770677
44	2	2025-10-20	18:00:00	19:00:00	1	0	t	2025-10-18 00:51:04.770677
45	2	2025-10-21	17:00:00	18:00:00	1	0	t	2025-10-18 00:51:04.770677
46	2	2025-10-21	18:00:00	19:00:00	1	0	t	2025-10-18 00:51:04.770677
47	2	2025-10-22	17:00:00	18:00:00	1	0	t	2025-10-18 00:51:04.770677
48	2	2025-10-22	18:00:00	19:00:00	1	0	t	2025-10-18 00:51:04.770677
49	2	2025-10-23	09:00:00	10:00:00	2	0	t	2025-10-18 00:51:04.770677
50	2	2025-10-23	10:00:00	11:00:00	2	0	t	2025-10-18 00:51:04.770677
51	2	2025-10-23	11:00:00	12:00:00	2	1	t	2025-10-18 00:51:04.770677
52	2	2025-10-23	13:00:00	14:00:00	2	0	t	2025-10-18 00:51:04.770677
53	2	2025-10-23	14:00:00	15:00:00	2	0	t	2025-10-18 00:51:04.770677
54	2	2025-10-23	15:00:00	16:00:00	2	0	t	2025-10-18 00:51:04.770677
55	2	2025-10-24	09:00:00	10:00:00	2	0	t	2025-10-18 00:51:04.770677
56	2	2025-10-24	10:00:00	11:00:00	2	0	t	2025-10-18 00:51:04.770677
57	2	2025-10-24	11:00:00	12:00:00	2	0	t	2025-10-18 00:51:04.770677
58	2	2025-10-24	13:00:00	14:00:00	2	0	t	2025-10-18 00:51:04.770677
59	2	2025-10-24	14:00:00	15:00:00	2	1	t	2025-10-18 00:51:04.770677
60	2	2025-10-24	15:00:00	16:00:00	2	0	t	2025-10-18 00:51:04.770677
61	3	2025-10-18	10:00:00	10:30:00	5	2	t	2025-10-18 00:51:04.770677
62	3	2025-10-18	10:30:00	11:00:00	5	0	t	2025-10-18 00:51:04.770677
63	3	2025-10-18	11:00:00	11:30:00	5	3	t	2025-10-18 00:51:04.770677
64	3	2025-10-18	11:30:00	12:00:00	5	1	t	2025-10-18 00:51:04.770677
65	3	2025-10-18	12:00:00	12:30:00	5	0	t	2025-10-18 00:51:04.770677
66	3	2025-10-18	12:30:00	13:00:00	5	0	t	2025-10-18 00:51:04.770677
67	3	2025-10-18	13:00:00	13:30:00	5	2	t	2025-10-18 00:51:04.770677
68	3	2025-10-18	13:30:00	14:00:00	5	0	t	2025-10-18 00:51:04.770677
69	3	2025-10-18	14:00:00	14:30:00	5	4	t	2025-10-18 00:51:04.770677
70	3	2025-10-18	14:30:00	15:00:00	5	1	t	2025-10-18 00:51:04.770677
71	3	2025-10-18	15:00:00	15:30:00	5	0	t	2025-10-18 00:51:04.770677
72	3	2025-10-18	15:30:00	16:00:00	5	0	t	2025-10-18 00:51:04.770677
73	3	2025-10-19	10:00:00	10:30:00	5	0	t	2025-10-18 00:51:04.770677
74	3	2025-10-19	10:30:00	11:00:00	5	1	t	2025-10-18 00:51:04.770677
75	3	2025-10-19	11:00:00	11:30:00	5	5	t	2025-10-18 00:51:04.770677
76	3	2025-10-19	11:30:00	12:00:00	5	0	t	2025-10-18 00:51:04.770677
77	3	2025-10-19	13:00:00	13:30:00	5	0	t	2025-10-18 00:51:04.770677
78	3	2025-10-19	13:30:00	14:00:00	5	2	t	2025-10-18 00:51:04.770677
79	3	2025-10-19	14:00:00	14:30:00	5	3	t	2025-10-18 00:51:04.770677
80	3	2025-10-19	14:30:00	15:00:00	5	0	t	2025-10-18 00:51:04.770677
81	4	2025-10-19	11:00:00	12:00:00	1	0	t	2025-10-18 00:51:04.770677
82	4	2025-10-19	15:00:00	16:00:00	1	0	t	2025-10-18 00:51:04.770677
83	4	2025-10-21	10:00:00	11:00:00	1	0	t	2025-10-18 00:51:04.770677
84	4	2025-10-21	14:00:00	15:00:00	1	1	t	2025-10-18 00:51:04.770677
85	4	2025-10-23	12:00:00	13:00:00	1	0	t	2025-10-18 00:51:04.770677
86	4	2025-10-23	13:00:00	14:00:00	1	0	t	2025-10-18 00:51:04.770677
87	4	2025-10-23	14:00:00	15:00:00	1	0	t	2025-10-18 00:51:04.770677
88	5	2025-10-18	09:00:00	11:00:00	3	1	t	2025-10-18 00:51:04.770677
89	5	2025-10-18	11:00:00	13:00:00	3	0	t	2025-10-18 00:51:04.770677
90	5	2025-10-18	13:00:00	15:00:00	3	2	t	2025-10-18 00:51:04.770677
91	5	2025-10-18	15:00:00	17:00:00	3	0	t	2025-10-18 00:51:04.770677
92	5	2025-10-20	09:00:00	11:00:00	3	0	t	2025-10-18 00:51:04.770677
93	5	2025-10-20	11:00:00	13:00:00	3	0	t	2025-10-18 00:51:04.770677
94	5	2025-10-20	13:00:00	15:00:00	3	1	t	2025-10-18 00:51:04.770677
95	5	2025-10-20	15:00:00	17:00:00	3	0	t	2025-10-18 00:51:04.770677
96	5	2025-10-22	09:00:00	11:00:00	3	0	t	2025-10-18 00:51:04.770677
97	5	2025-10-22	11:00:00	13:00:00	3	2	t	2025-10-18 00:51:04.770677
3	11	2025-10-18	11:00:00	12:00:00	2	2	t	2025-10-18 00:51:04.770677
5	11	2025-10-18	15:00:00	16:00:00	2	1	t	2025-10-18 00:51:04.770677
98	5	2025-10-22	13:00:00	15:00:00	3	0	t	2025-10-18 00:51:04.770677
99	5	2025-10-22	15:00:00	17:00:00	3	0	t	2025-10-18 00:51:04.770677
100	6	2025-10-19	07:00:00	08:00:00	1	0	t	2025-10-18 00:51:04.770677
101	6	2025-10-19	08:00:00	09:00:00	1	0	t	2025-10-18 00:51:04.770677
102	6	2025-10-20	07:00:00	08:00:00	1	0	t	2025-10-18 00:51:04.770677
103	6	2025-10-20	08:00:00	09:00:00	1	0	t	2025-10-18 00:51:04.770677
104	6	2025-10-21	07:00:00	08:00:00	1	0	t	2025-10-18 00:51:04.770677
105	6	2025-10-21	08:00:00	09:00:00	1	1	t	2025-10-18 00:51:04.770677
1	11	2025-10-18	09:00:00	10:00:00	2	2	t	2025-10-18 00:51:04.770677
2	11	2025-10-18	10:00:00	11:00:00	2	2	t	2025-10-18 00:51:04.770677
\.


--
-- TOC entry 4476 (class 0 OID 25914)
-- Dependencies: 280
-- Data for Name: tour_feedback; Type: TABLE DATA; Schema: public; Owner: sagarroy
--

COPY public.tour_feedback (id, tour_id, rating, interest_level, property_condition, liked_features, disliked_features, comments, attended, next_steps, submitted_at) FROM stdin;
\.


--
-- TOC entry 4474 (class 0 OID 25898)
-- Dependencies: 278
-- Data for Name: tour_reminders; Type: TABLE DATA; Schema: public; Owner: sagarroy
--

COPY public.tour_reminders (id, tour_id, recipient_type, reminder_type, scheduled_for, sent_at, status, error_message, created_at) FROM stdin;
1	1	buyer	email	2025-10-17 03:44:00	\N	pending	\N	2025-10-18 01:00:00.198548
2	1	seller	email	2025-10-17 03:44:00	\N	pending	\N	2025-10-18 01:00:00.198548
3	1	buyer	sms	2025-10-17 03:44:00	\N	pending	\N	2025-10-18 01:00:00.200342
4	2	buyer	email	2025-10-28 23:42:00	\N	pending	\N	2025-10-18 01:03:25.427869
5	2	seller	email	2025-10-28 23:42:00	\N	pending	\N	2025-10-18 01:03:25.427869
6	2	buyer	sms	2025-10-28 23:42:00	\N	pending	\N	2025-10-18 01:03:25.429806
7	3	buyer	email	2025-10-17 03:00:00	\N	pending	\N	2025-10-18 01:04:52.077392
8	3	seller	email	2025-10-17 03:00:00	\N	pending	\N	2025-10-18 01:04:52.077392
9	3	buyer	sms	2025-10-17 03:00:00	\N	pending	\N	2025-10-18 01:04:52.079302
10	4	buyer	email	2025-10-17 23:42:00	\N	pending	\N	2025-10-18 01:05:56.423166
11	4	seller	email	2025-10-17 23:42:00	\N	pending	\N	2025-10-18 01:05:56.423166
12	4	buyer	sms	2025-10-17 23:42:00	\N	pending	\N	2025-10-18 01:05:56.425912
13	5	buyer	email	2025-10-17 04:00:00	\N	pending	\N	2025-10-18 01:09:31.735473
14	5	seller	email	2025-10-17 04:00:00	\N	pending	\N	2025-10-18 01:09:31.735473
15	5	buyer	sms	2025-10-17 04:00:00	\N	pending	\N	2025-10-18 01:09:31.737639
16	6	buyer	email	2025-10-17 05:00:00	\N	pending	\N	2025-10-18 01:15:13.864759
17	6	seller	email	2025-10-17 05:00:00	\N	pending	\N	2025-10-18 01:15:13.864759
18	6	buyer	sms	2025-10-17 05:00:00	\N	pending	\N	2025-10-18 01:15:13.867343
19	7	buyer	email	2025-10-17 03:22:00	\N	pending	\N	2025-10-18 01:15:57.358901
20	7	seller	email	2025-10-17 03:22:00	\N	pending	\N	2025-10-18 01:15:57.358901
21	7	buyer	sms	2025-10-17 03:22:00	\N	pending	\N	2025-10-18 01:15:57.360443
22	8	buyer	email	2025-10-17 08:00:00	\N	pending	\N	2025-10-18 01:29:37.143854
23	8	seller	email	2025-10-17 08:00:00	\N	pending	\N	2025-10-18 01:29:37.143854
24	8	buyer	sms	2025-10-17 08:00:00	\N	pending	\N	2025-10-18 01:29:37.146147
25	9	buyer	email	2025-10-17 09:00:00	\N	pending	\N	2025-10-18 01:30:50.913217
26	9	seller	email	2025-10-17 09:00:00	\N	pending	\N	2025-10-18 01:30:50.913217
27	9	buyer	sms	2025-10-17 09:00:00	\N	pending	\N	2025-10-18 01:30:50.915719
28	10	buyer	email	2025-10-17 10:00:00	\N	pending	\N	2025-10-18 01:31:19.249541
29	10	seller	email	2025-10-17 10:00:00	\N	pending	\N	2025-10-18 01:31:19.249541
30	10	buyer	sms	2025-10-17 10:00:00	\N	pending	\N	2025-10-18 01:31:19.250194
31	11	buyer	email	2025-10-17 11:00:00	\N	pending	\N	2025-10-18 01:32:14.221051
32	11	seller	email	2025-10-17 11:00:00	\N	pending	\N	2025-10-18 01:32:14.221051
33	11	buyer	sms	2025-10-17 11:00:00	\N	pending	\N	2025-10-18 01:32:14.222426
34	12	buyer	email	2025-10-17 12:00:00	\N	pending	\N	2025-10-18 01:33:51.403432
35	12	seller	email	2025-10-17 12:00:00	\N	pending	\N	2025-10-18 01:33:51.403432
36	12	buyer	sms	2025-10-17 12:00:00	\N	pending	\N	2025-10-18 01:33:51.405258
37	13	buyer	email	2025-10-17 15:02:00	\N	pending	\N	2025-10-18 22:00:08.998278
38	13	seller	email	2025-10-17 15:02:00	\N	pending	\N	2025-10-18 22:00:08.998278
39	13	buyer	sms	2025-10-17 15:02:00	\N	pending	\N	2025-10-18 22:00:09.002428
40	14	buyer	email	2025-10-17 18:02:00	\N	pending	\N	2025-10-18 22:01:47.470824
41	14	seller	email	2025-10-17 18:02:00	\N	pending	\N	2025-10-18 22:01:47.470824
42	14	buyer	sms	2025-10-17 18:02:00	\N	pending	\N	2025-10-18 22:01:47.474635
43	15	buyer	email	2025-10-17 19:02:00	\N	pending	\N	2025-10-18 22:03:11.23981
44	15	seller	email	2025-10-17 19:02:00	\N	pending	\N	2025-10-18 22:03:11.23981
45	15	buyer	sms	2025-10-17 19:02:00	\N	pending	\N	2025-10-18 22:03:11.240592
46	16	buyer	email	2025-10-17 20:02:00	\N	pending	\N	2025-10-18 22:04:29.487329
47	16	seller	email	2025-10-17 20:02:00	\N	pending	\N	2025-10-18 22:04:29.487329
48	16	buyer	sms	2025-10-17 20:02:00	\N	pending	\N	2025-10-18 22:04:29.489814
49	17	buyer	email	2025-10-17 21:02:00	\N	pending	\N	2025-10-18 22:04:48.428537
50	17	seller	email	2025-10-17 21:02:00	\N	pending	\N	2025-10-18 22:04:48.428537
51	17	buyer	sms	2025-10-17 21:02:00	\N	pending	\N	2025-10-18 22:04:48.429739
52	18	buyer	email	2025-10-18 02:05:00	\N	pending	\N	2025-10-19 07:03:56.676074
53	18	seller	email	2025-10-18 02:05:00	\N	pending	\N	2025-10-19 07:03:56.676074
54	18	buyer	sms	2025-10-18 02:05:00	\N	pending	\N	2025-10-19 07:03:56.680564
55	19	buyer	email	2025-10-18 23:42:00	\N	pending	\N	2025-10-19 07:32:38.250187
56	19	seller	email	2025-10-18 23:42:00	\N	pending	\N	2025-10-19 07:32:38.250187
57	19	buyer	sms	2025-10-18 23:42:00	\N	pending	\N	2025-10-19 07:32:38.251903
\.


--
-- TOC entry 4492 (class 0 OID 26468)
-- Dependencies: 296
-- Data for Name: transactions; Type: TABLE DATA; Schema: public; Owner: sagarroy
--

COPY public.transactions (id, offer_id, property_id, buyer_id, seller_id, buyer_agent_id, seller_agent_id, purchase_price, earnest_money_amount, closing_date, closing_location, earnest_money_status, selected_title_company_id, phone_verified, phone_verified_at, earnest_money_verified_at, earnest_money_step, transaction_status, inspection_period_days, inspection_start_date, inspection_end_date, inspection_completed, appraisal_contingency, appraisal_value, appraisal_completed, appraisal_date, financing_contingency, loan_amount, loan_type, down_payment_percentage, interest_rate, loan_officer_id, title_insurance_amount, closing_costs, homeowners_insurance_required, hoa_fees, offer_acceptance_date, created_at, updated_at, closed_at) FROM stdin;
9	14	11	6	3	0	0	485000.00	1000.00	\N		verified	1	f	\N	2025-11-02 00:18:00.718547	6		10	\N	\N	f	f	485000.00	f	\N	\N	\N	\N	\N	\N	\N	\N	\N	f	0.00	\N	2025-11-01 23:48:50.803	2025-11-02 00:18:00.718547	\N
\.


--
-- TOC entry 4424 (class 0 OID 16457)
-- Dependencies: 228
-- Data for Name: user_sessions; Type: TABLE DATA; Schema: public; Owner: sagarroy
--

COPY public.user_sessions (id, user_id, session_token, ip_address, user_agent, created_at, expires_at, is_valid) FROM stdin;
1	1	eyJhbGciOiJIUzI1NiIsInR5cCI6IkpXVCJ9.eyJ1c2VySWQiOjEsInRpbWVzdGFtcCI6MTc1NTg4NDM4NTAwNCwiaWF0IjoxNzU1ODg0Mzg1LCJleHAiOjE3NTg0NzYzODV9.1EltdI5sX_7TeqzdHdBOo1eqVvK9MtKoeb_DENsd_MU	\N	\N	2025-08-22 17:39:45.008787	2025-09-21 17:39:45.008	t
10	5	eyJhbGciOiJIUzI1NiIsInR5cCI6IkpXVCJ9.eyJ1c2VySWQiOjUsInRpbWVzdGFtcCI6MTc1NTk2OTk4MDMwMSwiaWF0IjoxNzU1OTY5OTgwLCJleHAiOjE3NTg1NjE5ODB9.D_nAk3qnRWGV8Ssl5NwUmRkK3QBSrMSudByqzLifxMg	\N	\N	2025-08-23 17:26:20.305219	2025-09-22 17:26:20.302	t
20	2	eyJhbGciOiJIUzI1NiIsInR5cCI6IkpXVCJ9.eyJ1c2VySWQiOjIsInRpbWVzdGFtcCI6MTc1NjAwNTU1OTE0OSwiaWF0IjoxNzU2MDA1NTU5LCJleHAiOjE3NTg1OTc1NTl9._S9jMkPBbwBGC9Mwqkd7DMKxRbAQMKv5-33RA-UOSsw	\N	\N	2025-08-24 03:19:19.153341	2025-09-23 03:19:19.152	t
31	8	eyJhbGciOiJIUzI1NiIsInR5cCI6IkpXVCJ9.eyJ1c2VySWQiOjgsInRpbWVzdGFtcCI6MTc1NjAxMTI3NDg1OCwiaWF0IjoxNzU2MDExMjc0LCJleHAiOjE3NTg2MDMyNzR9.KyzbFejcO_GX9h0-m7BkQE1hgh-O-5faEMbLetBuKDY	\N	\N	2025-08-24 04:54:34.856559	2025-09-23 04:54:34.858	t
51	10	eyJhbGciOiJIUzI1NiIsInR5cCI6IkpXVCJ9.eyJ1c2VySWQiOjEwLCJ0aW1lc3RhbXAiOjE3NTYwNTM3MDE5MzYsImlhdCI6MTc1NjA1MzcwMSwiZXhwIjoxNzU4NjQ1NzAxfQ.z_2EJzKlEVpMhV8aroA2qxbp9lbl1wK78KfEwW--Xvw	\N	\N	2025-08-24 16:41:41.95009	2025-09-23 16:41:41.943	t
53	11	eyJhbGciOiJIUzI1NiIsInR5cCI6IkpXVCJ9.eyJ1c2VySWQiOjExLCJ0aW1lc3RhbXAiOjE3NTYxMzUyNzA3NzAsImlhdCI6MTc1NjEzNTI3MCwiZXhwIjoxNzU4NzI3MjcwfQ.De2x5j9DBT1SzET4eEfIvApdL3y0kt36F3cDJB9IH3k	\N	\N	2025-08-25 15:21:10.777908	2025-09-24 15:21:10.776	t
60	9	eyJhbGciOiJIUzI1NiIsInR5cCI6IkpXVCJ9.eyJ1c2VySWQiOjksInRpbWVzdGFtcCI6MTc1NjQ4NjEzMTUzMywiaWF0IjoxNzU2NDg2MTMxLCJleHAiOjE3NTkwNzgxMzF9.RReimLh0TAcS0FKB1oEiLFMsbJeIqwmAgJw0vrWpgYQ	\N	\N	2025-08-29 22:48:51.538346	2025-09-28 22:48:51.538	t
63	7	eyJhbGciOiJIUzI1NiIsInR5cCI6IkpXVCJ9.eyJ1c2VySWQiOjcsInRpbWVzdGFtcCI6MTc1NjU1NDMzODY0NSwiaWF0IjoxNzU2NTU0MzM4LCJleHAiOjE3NTkxNDYzMzh9.37Asqbfp3ULphhfglc3WDOUYsJjZcApV8i3w5wC7L-s	\N	\N	2025-08-30 17:45:38.647606	2025-09-29 17:45:38.647	t
96	4	eyJhbGciOiJIUzI1NiIsInR5cCI6IkpXVCJ9.eyJ1c2VySWQiOjQsInRpbWVzdGFtcCI6MTc1OTc0NTk0NDA1NywiaWF0IjoxNzU5NzQ1OTQ0LCJleHAiOjE3NjIzMzc5NDR9.tleXXPNUbyBiFJp9inRv3x2pyDuUErn5SEBgZBOYDBs	\N	\N	2025-10-06 16:19:04.059762	2025-11-05 16:19:04.059	t
100	6	eyJhbGciOiJIUzI1NiIsInR5cCI6IkpXVCJ9.eyJ1c2VySWQiOjYsInRpbWVzdGFtcCI6MTc2MTk4NTQ0MDE2NywiaWF0IjoxNzYxOTg1NDQwLCJleHAiOjE3NjQ1Nzc0NDB9.bSHVCEC1MOkWbWXdzad-RqD0TTf28aVmxHphJ9P1_z0	\N	\N	2025-11-01 14:24:00.169212	2025-12-01 14:24:00.169	t
101	3	eyJhbGciOiJIUzI1NiIsInR5cCI6IkpXVCJ9.eyJ1c2VySWQiOjMsInRpbWVzdGFtcCI6MTc2MTk4ODgwNzM0MSwiaWF0IjoxNzYxOTg4ODA3LCJleHAiOjE3NjQ1ODA4MDd9.6PDm9dIw60iDZGkqpV0kiUdPRSexhW6NKfu_G-XfdU0	\N	\N	2025-11-01 15:20:07.345514	2025-12-01 15:20:07.345	t
\.


--
-- TOC entry 4426 (class 0 OID 16465)
-- Dependencies: 230
-- Data for Name: users; Type: TABLE DATA; Schema: public; Owner: sagarroy
--

COPY public.users (id, email, password_hash, first_name, last_name, phone, user_type, is_pre_approved, pre_approval_amount, pre_approval_expires, credit_score_range, email_verified, verification_token, created_at, updated_at, last_login, is_active, address) FROM stdin;
1	sagar@gmail.com	$2a$12$pZkeasewoqPLEJcJOEJqDeZ.xbQEygUU1tMcztnT7wESzgslOW5AK	sagar	roy	01917177562	both	f	\N	\N	\N	t	\N	2025-08-22 17:39:45.001242	2025-08-22 17:39:45.001242	\N	t	\N
2	sagarbd2@gmail.com	$2a$12$7qHHJZccc8OwRdUn3ohHI.9YMp7pMOwLdvwn6NNLivzw.nEQ9bdqS	sagar	roy	01917177562	both	f	\N	\N	\N	t	\N	2025-08-23 01:24:11.581119	2025-08-23 01:24:11.581119	\N	t	\N
3	sagarbd28@gmail.com	$2a$12$WshGBNaz7x35jySHJpzx3e4s9a1lmjCVUlB6k.6b6171JEaFTSIgi	sagar	roy	01750055946	seller	f	\N	\N	\N	t	\N	2025-08-23 16:48:59.227648	2025-08-23 16:48:59.227648	\N	t	\N
4	sagar2@gmail.com	$2a$12$3XcReHUfiqXZW0s/rOk/SeeYBwsX76astOJOCWJzV4BW3leVyrulu	sagar	roy	01917177562	both	f	\N	\N	\N	t	\N	2025-08-23 17:24:17.792946	2025-08-23 17:24:17.792946	\N	t	\N
5	sagar21@gmail.com	$2a$12$mKx5UhLhkdLaPjkAvgIhS.OxFtMAfzdunlISvV/jCcJkDFPL4ZjvW	sagar	roy	01917177562	both	f	\N	\N	\N	t	\N	2025-08-23 17:26:20.30037	2025-08-23 17:26:20.30037	\N	t	\N
6	onyroy@gmail.com	$2a$12$6y2v/hw2SbClhBzqDENo1OGvD5UA5aePlSiD/34hjm.MiZQU/5oWS	ony	roy	01917177562	both	f	\N	\N	\N	t	\N	2025-08-24 04:46:17.163411	2025-08-24 04:46:17.163411	\N	t	\N
7	sagarbssltd@gmail.com	$2a$12$J/FxAPVMJcd0lbWLwqUb0OxMjfThAoS2TejyAeTowq0/e3912kUMC	sagar3	roy	0191717756207	both	f	\N	\N	\N	t	\N	2025-08-24 04:49:02.349155	2025-08-24 04:49:02.349155	\N	t	\N
8	sagarbd30@gmail.com	$2a$12$TXr9eErSytdHBUJIcjbpDuTRuR69JzAQuGRP8Eox7LJB14etb9ndW	sagar	roy	01917177562	both	f	\N	\N	\N	t	\N	2025-08-24 04:54:34.849915	2025-08-24 04:54:34.849915	\N	t	\N
9	sagarbd32@gmail.com	$2a$12$Izhij/pfwIAWY0qPJvIcwO9RJXvDfYmBr9f1I9RG8EL8qwEgAvJUu	sagar	roy	01917177562	both	f	\N	\N	\N	t	\N	2025-08-24 04:59:26.877594	2025-08-24 04:59:26.877594	\N	t	\N
10	sagarshourov@gmail.com	$2a$12$xVdBGaPzXJFsllI046gpNOtCT/u2puNZ98ZYn1Z5FfBuwIQTzL2ii	sagar	roy	01917177562	both	f	\N	\N	\N	t	\N	2025-08-24 16:19:20.948444	2025-08-24 16:19:20.948444	\N	t	\N
11	dicerbomatt@gmail.com	$2a$12$094Pmlpr79UvUE00diLlS.9RxWD2QyrggUw.Y.XdnVq.0zapwllVa	Matthew	DiCerbo	6095138654	both	f	\N	\N	\N	t	\N	2025-08-24 16:45:51.453783	2025-08-24 16:45:51.453783	\N	t	\N
\.


--
-- TOC entry 4484 (class 0 OID 26297)
-- Dependencies: 288
-- Data for Name: wire_confirmations; Type: TABLE DATA; Schema: public; Owner: sagarroy
--

COPY public.wire_confirmations (id, transaction_id, confirmation_number, file_path, file_name, file_size, file_type, uploaded_at, uploaded_by, status, verified_at, verified_by, rejection_reason, wire_amount, created_at, updated_at) FROM stdin;
1	2	24345345	../uploads/wire-confirmations/1761407838187-609849331-2025-10-18_83cfd2cd89559e786fc5b11642b8ad3e_Twebtricks_earnings.pdf	2025-10-18_83cfd2cd89559e786fc5b11642b8ad3e_Twebtricks_earnings.pdf	138024	application/pdf	2025-10-25 21:57:18.198891	1	pending	\N	\N	\N	1000.00	2025-10-25 21:57:18.198891	2025-10-25 21:57:18.198891
2	2	5345345	../uploads/wire-confirmations/1761407858324-34229135-nid-2832179283.pdf	nid-2832179283.pdf	117674	application/pdf	2025-10-25 21:57:38.32654	1	pending	\N	\N	\N	1000.00	2025-10-25 21:57:38.32654	2025-10-25 21:57:38.32654
3	2	ertert	../uploads/wire-confirmations/1761408208806-51531387-nid-2832179283.pdf	nid-2832179283.pdf	117674	application/pdf	2025-10-25 22:03:28.816872	1	pending	\N	\N	\N	1000.00	2025-10-25 22:03:28.816872	2025-10-25 22:03:28.816872
4	2	asdasdads	../uploads/wire-confirmations/1761408532042-391127862-INV-PREVIEW-ACC-7469363-82905-27.pdf	INV-PREVIEW-ACC-7469363-82905-27.pdf	39668	application/pdf	2025-10-25 22:08:52.057246	1	pending	\N	\N	\N	1000.00	2025-10-25 22:08:52.057246	2025-10-25 22:08:52.057246
5	2	asdasd	../uploads/wire-confirmations/1761409195134-259857143-Gmail - Remittance certificate.pdf	Gmail - Remittance certificate.pdf	164288	application/pdf	2025-10-25 22:19:55.137656	1	pending	\N	\N	\N	1000.00	2025-10-25 22:19:55.137656	2025-10-25 22:19:55.137656
6	2	3453453	../uploads/wire-confirmations/1761413482882-934315775-INV-PREVIEW-ACC-7469363-82905-27.pdf	INV-PREVIEW-ACC-7469363-82905-27.pdf	39668	application/pdf	2025-10-25 23:31:22.884697	1	pending	\N	\N	\N	1000.00	2025-10-25 23:31:22.884697	2025-10-25 23:31:22.884697
7	2	43445	../uploads/wire-confirmations/1761413542745-556404488-INV-PREVIEW-ACC-7469363-82905-27.pdf	INV-PREVIEW-ACC-7469363-82905-27.pdf	39668	application/pdf	2025-10-25 23:32:22.74862	1	pending	\N	\N	\N	1000.00	2025-10-25 23:32:22.74862	2025-10-25 23:32:22.74862
8	2	34535	../uploads/wire-confirmations/1761414242741-39269855-INV-PREVIEW-ACC-7469363-82905-27.pdf	INV-PREVIEW-ACC-7469363-82905-27.pdf	39668	application/pdf	2025-10-25 23:44:02.742944	1	pending	\N	\N	\N	1000.00	2025-10-25 23:44:02.742944	2025-10-25 23:44:02.742944
9	2	345345	../uploads/wire-confirmations/1761414768993-966667467-INV-PREVIEW-ACC-7469363-82905-27.pdf	INV-PREVIEW-ACC-7469363-82905-27.pdf	39668	application/pdf	2025-10-25 23:52:48.995648	1	pending	\N	\N	\N	1000.00	2025-10-25 23:52:48.995648	2025-10-25 23:52:48.995648
10	2	234234	../uploads/wire-confirmations/1761414984183-804110740-INV-PREVIEW-ACC-7469363-82905-27.pdf	INV-PREVIEW-ACC-7469363-82905-27.pdf	39668	application/pdf	2025-10-25 23:56:24.18824	1	pending	\N	\N	\N	1000.00	2025-10-25 23:56:24.18824	2025-10-25 23:56:24.18824
11	2	234234	../uploads/wire-confirmations/1761415261745-989083995-INV-PREVIEW-ACC-7469363-82905-27.pdf	INV-PREVIEW-ACC-7469363-82905-27.pdf	39668	application/pdf	2025-10-26 00:01:01.747373	1	pending	\N	\N	\N	1000.00	2025-10-26 00:01:01.747373	2025-10-26 00:01:01.747373
13	9	asdasd	../uploads/wire-confirmations/1762020400430-445809940-Gr No-05-Project-Report.pdf	Gr No-05-Project-Report.pdf	3310064	application/pdf	2025-11-02 00:06:40.442037	1	pending	\N	\N	\N	1000.00	2025-11-02 00:06:40.442037	2025-11-02 00:06:40.442037
14	9	asdasd	../uploads/wire-confirmations/1762020543952-860888772- _20250917_0001.pdf	 _20250917_0001.pdf	4957545	application/pdf	2025-11-02 00:09:03.963803	1	pending	\N	\N	\N	1000.00	2025-11-02 00:09:03.963803	2025-11-02 00:09:03.963803
15	9	sdff	../uploads/wire-confirmations/1762020678844-137046999-E_REGISTRATION_CERTIFICATE-4.pdf	E_REGISTRATION_CERTIFICATE-4.pdf	996884	application/pdf	2025-11-02 00:11:18.849109	1	pending	\N	\N	\N	1000.00	2025-11-02 00:11:18.849109	2025-11-02 00:11:18.849109
16	9	dgsdg	../uploads/wire-confirmations/1762021025849-815003368-Gr No-05-Project-Report-4.pdf	Gr No-05-Project-Report-4.pdf	3310064	application/pdf	2025-11-02 00:17:05.862632	1	pending	\N	\N	\N	1000.00	2025-11-02 00:17:05.862632	2025-11-02 00:17:05.862632
\.


--
-- TOC entry 4482 (class 0 OID 26277)
-- Dependencies: 286
-- Data for Name: wire_instructions; Type: TABLE DATA; Schema: public; Owner: sagarroy
--

COPY public.wire_instructions (id, transaction_id, title_company_id, bank_name, account_number, routing_number, bank_address, bank_city, bank_state, swift_code, instructions_text, reference_line_1, reference_line_2, created_at, updated_at, expires_at) FROM stdin;
13	9	1	asd	35345	345345	dfgdfg	\N	\N	\N	\N	\N	\N	2025-11-02 00:00:10.730469	2025-11-02 00:00:10.730469	\N
\.


--
-- TOC entry 4539 (class 0 OID 0)
-- Dependencies: 253
-- Name: application_status_history_id_seq; Type: SEQUENCE SET; Schema: public; Owner: sagarroy
--

SELECT pg_catalog.setval('public.application_status_history_id_seq', 3, true);


--
-- TOC entry 4540 (class 0 OID 0)
-- Dependencies: 259
-- Name: audit_logs_id_seq; Type: SEQUENCE SET; Schema: public; Owner: sagarroy
--

SELECT pg_catalog.setval('public.audit_logs_id_seq', 12, true);


--
-- TOC entry 4541 (class 0 OID 0)
-- Dependencies: 265
-- Name: buyer_ratings_id_seq; Type: SEQUENCE SET; Schema: public; Owner: sagarroy
--

SELECT pg_catalog.setval('public.buyer_ratings_id_seq', 42, true);


--
-- TOC entry 4542 (class 0 OID 0)
-- Dependencies: 271
-- Name: contract_signatures_id_seq; Type: SEQUENCE SET; Schema: public; Owner: sagarroy
--

SELECT pg_catalog.setval('public.contract_signatures_id_seq', 1, false);


--
-- TOC entry 4543 (class 0 OID 0)
-- Dependencies: 269
-- Name: contracts_id_seq; Type: SEQUENCE SET; Schema: public; Owner: sagarroy
--

SELECT pg_catalog.setval('public.contracts_id_seq', 21, true);


--
-- TOC entry 4544 (class 0 OID 0)
-- Dependencies: 257
-- Name: credit_check_requests_id_seq; Type: SEQUENCE SET; Schema: public; Owner: sagarroy
--

SELECT pg_catalog.setval('public.credit_check_requests_id_seq', 16, true);


--
-- TOC entry 4545 (class 0 OID 0)
-- Dependencies: 261
-- Name: credit_checks_id_seq; Type: SEQUENCE SET; Schema: public; Owner: sagarroy
--

SELECT pg_catalog.setval('public.credit_checks_id_seq', 12, true);


--
-- TOC entry 4546 (class 0 OID 0)
-- Dependencies: 234
-- Name: documents_id_seq; Type: SEQUENCE SET; Schema: public; Owner: sagarroy
--

SELECT pg_catalog.setval('public.documents_id_seq', 1, false);


--
-- TOC entry 4547 (class 0 OID 0)
-- Dependencies: 293
-- Name: earnest_money_audit_logs_id_seq; Type: SEQUENCE SET; Schema: public; Owner: sagarroy
--

SELECT pg_catalog.setval('public.earnest_money_audit_logs_id_seq', 17, true);


--
-- TOC entry 4548 (class 0 OID 0)
-- Dependencies: 291
-- Name: earnest_money_escrows_id_seq; Type: SEQUENCE SET; Schema: public; Owner: sagarroy
--

SELECT pg_catalog.setval('public.earnest_money_escrows_id_seq', 17, true);


--
-- TOC entry 4549 (class 0 OID 0)
-- Dependencies: 255
-- Name: email_notifications_id_seq; Type: SEQUENCE SET; Schema: public; Owner: sagarroy
--

SELECT pg_catalog.setval('public.email_notifications_id_seq', 19, true);


--
-- TOC entry 4550 (class 0 OID 0)
-- Dependencies: 267
-- Name: esign_documents_id_seq; Type: SEQUENCE SET; Schema: public; Owner: sagarroy
--

SELECT pg_catalog.setval('public.esign_documents_id_seq', 20, true);


--
-- TOC entry 4551 (class 0 OID 0)
-- Dependencies: 249
-- Name: financial_applications_id_seq; Type: SEQUENCE SET; Schema: public; Owner: sagarroy
--

SELECT pg_catalog.setval('public.financial_applications_id_seq', 18, true);


--
-- TOC entry 4552 (class 0 OID 0)
-- Dependencies: 251
-- Name: financial_documents_id_seq; Type: SEQUENCE SET; Schema: public; Owner: sagarroy
--

SELECT pg_catalog.setval('public.financial_documents_id_seq', 68, true);


--
-- TOC entry 4553 (class 0 OID 0)
-- Dependencies: 220
-- Name: messages_id_seq; Type: SEQUENCE SET; Schema: public; Owner: sagarroy
--

SELECT pg_catalog.setval('public.messages_id_seq', 1, false);


--
-- TOC entry 4554 (class 0 OID 0)
-- Dependencies: 232
-- Name: milestones_id_seq; Type: SEQUENCE SET; Schema: public; Owner: sagarroy
--

SELECT pg_catalog.setval('public.milestones_id_seq', 1, false);


--
-- TOC entry 4555 (class 0 OID 0)
-- Dependencies: 236
-- Name: notifications_id_seq; Type: SEQUENCE SET; Schema: public; Owner: sagarroy
--

SELECT pg_catalog.setval('public.notifications_id_seq', 1, false);


--
-- TOC entry 4556 (class 0 OID 0)
-- Dependencies: 273
-- Name: offer_contingencies_id_seq; Type: SEQUENCE SET; Schema: public; Owner: sagarroy
--

SELECT pg_catalog.setval('public.offer_contingencies_id_seq', 1, true);


--
-- TOC entry 4557 (class 0 OID 0)
-- Dependencies: 222
-- Name: offers_id_seq; Type: SEQUENCE SET; Schema: public; Owner: sagarroy
--

SELECT pg_catalog.setval('public.offers_id_seq', 15, true);


--
-- TOC entry 4558 (class 0 OID 0)
-- Dependencies: 238
-- Name: phases_id_seq; Type: SEQUENCE SET; Schema: public; Owner: sagarroy
--

SELECT pg_catalog.setval('public.phases_id_seq', 7, true);


--
-- TOC entry 4559 (class 0 OID 0)
-- Dependencies: 289
-- Name: phone_verifications_id_seq; Type: SEQUENCE SET; Schema: public; Owner: sagarroy
--

SELECT pg_catalog.setval('public.phone_verifications_id_seq', 1, false);


--
-- TOC entry 4560 (class 0 OID 0)
-- Dependencies: 263
-- Name: pre_approvals_id_seq; Type: SEQUENCE SET; Schema: public; Owner: sagarroy
--

SELECT pg_catalog.setval('public.pre_approvals_id_seq', 20, true);


--
-- TOC entry 4561 (class 0 OID 0)
-- Dependencies: 224
-- Name: properties_id_seq; Type: SEQUENCE SET; Schema: public; Owner: sagarroy
--

SELECT pg_catalog.setval('public.properties_id_seq', 12, true);


--
-- TOC entry 4562 (class 0 OID 0)
-- Dependencies: 227
-- Name: property_photos_id_seq; Type: SEQUENCE SET; Schema: public; Owner: sagarroy
--

SELECT pg_catalog.setval('public.property_photos_id_seq', 12, true);


--
-- TOC entry 4563 (class 0 OID 0)
-- Dependencies: 247
-- Name: property_saved_id_seq; Type: SEQUENCE SET; Schema: public; Owner: sagarroy
--

SELECT pg_catalog.setval('public.property_saved_id_seq', 21, true);


--
-- TOC entry 4564 (class 0 OID 0)
-- Dependencies: 275
-- Name: property_tours_id_seq; Type: SEQUENCE SET; Schema: public; Owner: sagarroy
--

SELECT pg_catalog.setval('public.property_tours_id_seq', 19, true);


--
-- TOC entry 4565 (class 0 OID 0)
-- Dependencies: 241
-- Name: step_details_id_seq; Type: SEQUENCE SET; Schema: public; Owner: sagarroy
--

SELECT pg_catalog.setval('public.step_details_id_seq', 89, true);


--
-- TOC entry 4566 (class 0 OID 0)
-- Dependencies: 245
-- Name: task_value_id_seq; Type: SEQUENCE SET; Schema: public; Owner: sagarroy
--

SELECT pg_catalog.setval('public.task_value_id_seq', 5521, true);


--
-- TOC entry 4567 (class 0 OID 0)
-- Dependencies: 243
-- Name: tasks_id_seq; Type: SEQUENCE SET; Schema: public; Owner: sagarroy
--

SELECT pg_catalog.setval('public.tasks_id_seq', 89, true);


--
-- TOC entry 4568 (class 0 OID 0)
-- Dependencies: 283
-- Name: title_companies_id_seq; Type: SEQUENCE SET; Schema: public; Owner: sagarroy
--

SELECT pg_catalog.setval('public.title_companies_id_seq', 5, true);


--
-- TOC entry 4569 (class 0 OID 0)
-- Dependencies: 281
-- Name: tour_availability_id_seq; Type: SEQUENCE SET; Schema: public; Owner: sagarroy
--

SELECT pg_catalog.setval('public.tour_availability_id_seq', 105, true);


--
-- TOC entry 4570 (class 0 OID 0)
-- Dependencies: 279
-- Name: tour_feedback_id_seq; Type: SEQUENCE SET; Schema: public; Owner: sagarroy
--

SELECT pg_catalog.setval('public.tour_feedback_id_seq', 1, false);


--
-- TOC entry 4571 (class 0 OID 0)
-- Dependencies: 277
-- Name: tour_reminders_id_seq; Type: SEQUENCE SET; Schema: public; Owner: sagarroy
--

SELECT pg_catalog.setval('public.tour_reminders_id_seq', 57, true);


--
-- TOC entry 4572 (class 0 OID 0)
-- Dependencies: 295
-- Name: transactions_id_seq; Type: SEQUENCE SET; Schema: public; Owner: sagarroy
--

SELECT pg_catalog.setval('public.transactions_id_seq', 9, true);


--
-- TOC entry 4573 (class 0 OID 0)
-- Dependencies: 229
-- Name: user_sessions_id_seq; Type: SEQUENCE SET; Schema: public; Owner: sagarroy
--

SELECT pg_catalog.setval('public.user_sessions_id_seq', 101, true);


--
-- TOC entry 4574 (class 0 OID 0)
-- Dependencies: 231
-- Name: users_id_seq; Type: SEQUENCE SET; Schema: public; Owner: sagarroy
--

SELECT pg_catalog.setval('public.users_id_seq', 12, true);


--
-- TOC entry 4575 (class 0 OID 0)
-- Dependencies: 287
-- Name: wire_confirmations_id_seq; Type: SEQUENCE SET; Schema: public; Owner: sagarroy
--

SELECT pg_catalog.setval('public.wire_confirmations_id_seq', 16, true);


--
-- TOC entry 4576 (class 0 OID 0)
-- Dependencies: 285
-- Name: wire_instructions_id_seq; Type: SEQUENCE SET; Schema: public; Owner: sagarroy
--

SELECT pg_catalog.setval('public.wire_instructions_id_seq', 13, true);


--
-- TOC entry 4116 (class 2606 OID 25620)
-- Name: application_status_history application_status_history_pkey; Type: CONSTRAINT; Schema: public; Owner: sagarroy
--

ALTER TABLE ONLY public.application_status_history
    ADD CONSTRAINT application_status_history_pkey PRIMARY KEY (id);


--
-- TOC entry 4122 (class 2606 OID 25668)
-- Name: audit_logs audit_logs_pkey; Type: CONSTRAINT; Schema: public; Owner: sagarroy
--

ALTER TABLE ONLY public.audit_logs
    ADD CONSTRAINT audit_logs_pkey PRIMARY KEY (id);


--
-- TOC entry 4130 (class 2606 OID 25712)
-- Name: buyer_ratings buyer_ratings_pkey; Type: CONSTRAINT; Schema: public; Owner: sagarroy
--

ALTER TABLE ONLY public.buyer_ratings
    ADD CONSTRAINT buyer_ratings_pkey PRIMARY KEY (id);


--
-- TOC entry 4132 (class 2606 OID 25719)
-- Name: buyer_ratings buyer_ratings_user_id_key; Type: CONSTRAINT; Schema: public; Owner: sagarroy
--

ALTER TABLE ONLY public.buyer_ratings
    ADD CONSTRAINT buyer_ratings_user_id_key UNIQUE (user_id);


--
-- TOC entry 4146 (class 2606 OID 25833)
-- Name: contract_signatures contract_signatures_pkey; Type: CONSTRAINT; Schema: public; Owner: sagarroy
--

ALTER TABLE ONLY public.contract_signatures
    ADD CONSTRAINT contract_signatures_pkey PRIMARY KEY (id);


--
-- TOC entry 4139 (class 2606 OID 25817)
-- Name: contracts contracts_contract_id_key; Type: CONSTRAINT; Schema: public; Owner: sagarroy
--

ALTER TABLE ONLY public.contracts
    ADD CONSTRAINT contracts_contract_id_key UNIQUE (contract_id);


--
-- TOC entry 4141 (class 2606 OID 25815)
-- Name: contracts contracts_pkey; Type: CONSTRAINT; Schema: public; Owner: sagarroy
--

ALTER TABLE ONLY public.contracts
    ADD CONSTRAINT contracts_pkey PRIMARY KEY (id);


--
-- TOC entry 4120 (class 2606 OID 25653)
-- Name: credit_check_requests credit_check_requests_pkey; Type: CONSTRAINT; Schema: public; Owner: sagarroy
--

ALTER TABLE ONLY public.credit_check_requests
    ADD CONSTRAINT credit_check_requests_pkey PRIMARY KEY (id);


--
-- TOC entry 4124 (class 2606 OID 25678)
-- Name: credit_checks credit_checks_pkey; Type: CONSTRAINT; Schema: public; Owner: sagarroy
--

ALTER TABLE ONLY public.credit_checks
    ADD CONSTRAINT credit_checks_pkey PRIMARY KEY (id);


--
-- TOC entry 4082 (class 2606 OID 17035)
-- Name: documents documents_pkey; Type: CONSTRAINT; Schema: public; Owner: sagarroy
--

ALTER TABLE ONLY public.documents
    ADD CONSTRAINT documents_pkey PRIMARY KEY (id);


--
-- TOC entry 4202 (class 2606 OID 26389)
-- Name: earnest_money_audit_logs earnest_money_audit_logs_pkey; Type: CONSTRAINT; Schema: public; Owner: sagarroy
--

ALTER TABLE ONLY public.earnest_money_audit_logs
    ADD CONSTRAINT earnest_money_audit_logs_pkey PRIMARY KEY (id);


--
-- TOC entry 4195 (class 2606 OID 26359)
-- Name: earnest_money_escrows earnest_money_escrows_pkey; Type: CONSTRAINT; Schema: public; Owner: sagarroy
--

ALTER TABLE ONLY public.earnest_money_escrows
    ADD CONSTRAINT earnest_money_escrows_pkey PRIMARY KEY (id);


--
-- TOC entry 4197 (class 2606 OID 26361)
-- Name: earnest_money_escrows earnest_money_escrows_transaction_id_key; Type: CONSTRAINT; Schema: public; Owner: sagarroy
--

ALTER TABLE ONLY public.earnest_money_escrows
    ADD CONSTRAINT earnest_money_escrows_transaction_id_key UNIQUE (transaction_id);


--
-- TOC entry 4118 (class 2606 OID 25636)
-- Name: email_notifications email_notifications_pkey; Type: CONSTRAINT; Schema: public; Owner: sagarroy
--

ALTER TABLE ONLY public.email_notifications
    ADD CONSTRAINT email_notifications_pkey PRIMARY KEY (id);


--
-- TOC entry 4134 (class 2606 OID 25733)
-- Name: esign_documents esign_documents_pkey; Type: CONSTRAINT; Schema: public; Owner: sagarroy
--

ALTER TABLE ONLY public.esign_documents
    ADD CONSTRAINT esign_documents_pkey PRIMARY KEY (id);


--
-- TOC entry 4110 (class 2606 OID 25587)
-- Name: financial_applications financial_applications_application_number_key; Type: CONSTRAINT; Schema: public; Owner: sagarroy
--

ALTER TABLE ONLY public.financial_applications
    ADD CONSTRAINT financial_applications_application_number_key UNIQUE (application_number);


--
-- TOC entry 4112 (class 2606 OID 25585)
-- Name: financial_applications financial_applications_pkey; Type: CONSTRAINT; Schema: public; Owner: sagarroy
--

ALTER TABLE ONLY public.financial_applications
    ADD CONSTRAINT financial_applications_pkey PRIMARY KEY (id);


--
-- TOC entry 4114 (class 2606 OID 25605)
-- Name: financial_documents financial_documents_pkey; Type: CONSTRAINT; Schema: public; Owner: sagarroy
--

ALTER TABLE ONLY public.financial_documents
    ADD CONSTRAINT financial_documents_pkey PRIMARY KEY (id);


--
-- TOC entry 4052 (class 2606 OID 16484)
-- Name: messages messages_pkey; Type: CONSTRAINT; Schema: public; Owner: sagarroy
--

ALTER TABLE ONLY public.messages
    ADD CONSTRAINT messages_pkey PRIMARY KEY (id);


--
-- TOC entry 4080 (class 2606 OID 17013)
-- Name: milestones milestones_pkey; Type: CONSTRAINT; Schema: public; Owner: sagarroy
--

ALTER TABLE ONLY public.milestones
    ADD CONSTRAINT milestones_pkey PRIMARY KEY (id);


--
-- TOC entry 4086 (class 2606 OID 17066)
-- Name: notifications notifications_pkey; Type: CONSTRAINT; Schema: public; Owner: sagarroy
--

ALTER TABLE ONLY public.notifications
    ADD CONSTRAINT notifications_pkey PRIMARY KEY (id);


--
-- TOC entry 4151 (class 2606 OID 25864)
-- Name: offer_contingencies offer_contingencies_pkey; Type: CONSTRAINT; Schema: public; Owner: sagarroy
--

ALTER TABLE ONLY public.offer_contingencies
    ADD CONSTRAINT offer_contingencies_pkey PRIMARY KEY (id);


--
-- TOC entry 4057 (class 2606 OID 16486)
-- Name: offers offers_pkey; Type: CONSTRAINT; Schema: public; Owner: sagarroy
--

ALTER TABLE ONLY public.offers
    ADD CONSTRAINT offers_pkey PRIMARY KEY (id);


--
-- TOC entry 4088 (class 2606 OID 17098)
-- Name: phases phases_name_key; Type: CONSTRAINT; Schema: public; Owner: sagarroy
--

ALTER TABLE ONLY public.phases
    ADD CONSTRAINT phases_name_key UNIQUE (name);


--
-- TOC entry 4090 (class 2606 OID 17096)
-- Name: phases phases_pkey; Type: CONSTRAINT; Schema: public; Owner: sagarroy
--

ALTER TABLE ONLY public.phases
    ADD CONSTRAINT phases_pkey PRIMARY KEY (id);


--
-- TOC entry 4191 (class 2606 OID 26333)
-- Name: phone_verifications phone_verifications_pkey; Type: CONSTRAINT; Schema: public; Owner: sagarroy
--

ALTER TABLE ONLY public.phone_verifications
    ADD CONSTRAINT phone_verifications_pkey PRIMARY KEY (id);


--
-- TOC entry 4193 (class 2606 OID 26335)
-- Name: phone_verifications phone_verifications_transaction_id_key; Type: CONSTRAINT; Schema: public; Owner: sagarroy
--

ALTER TABLE ONLY public.phone_verifications
    ADD CONSTRAINT phone_verifications_transaction_id_key UNIQUE (transaction_id);


--
-- TOC entry 4126 (class 2606 OID 25693)
-- Name: pre_approvals pre_approvals_pkey; Type: CONSTRAINT; Schema: public; Owner: sagarroy
--

ALTER TABLE ONLY public.pre_approvals
    ADD CONSTRAINT pre_approvals_pkey PRIMARY KEY (id);


--
-- TOC entry 4128 (class 2606 OID 25700)
-- Name: pre_approvals pre_approvals_user_id_unique; Type: CONSTRAINT; Schema: public; Owner: sagarroy
--

ALTER TABLE ONLY public.pre_approvals
    ADD CONSTRAINT pre_approvals_user_id_unique UNIQUE (user_id);


--
-- TOC entry 4066 (class 2606 OID 16488)
-- Name: properties properties_pkey; Type: CONSTRAINT; Schema: public; Owner: sagarroy
--

ALTER TABLE ONLY public.properties
    ADD CONSTRAINT properties_pkey PRIMARY KEY (id);


--
-- TOC entry 4069 (class 2606 OID 16490)
-- Name: property_photos property_photos_pkey; Type: CONSTRAINT; Schema: public; Owner: sagarroy
--

ALTER TABLE ONLY public.property_photos
    ADD CONSTRAINT property_photos_pkey PRIMARY KEY (id);


--
-- TOC entry 4106 (class 2606 OID 17183)
-- Name: property_saved property_saved_buyer_id_property_id_key; Type: CONSTRAINT; Schema: public; Owner: sagarroy
--

ALTER TABLE ONLY public.property_saved
    ADD CONSTRAINT property_saved_buyer_id_property_id_key UNIQUE (buyer_id, property_id);


--
-- TOC entry 4108 (class 2606 OID 17181)
-- Name: property_saved property_saved_pkey; Type: CONSTRAINT; Schema: public; Owner: sagarroy
--

ALTER TABLE ONLY public.property_saved
    ADD CONSTRAINT property_saved_pkey PRIMARY KEY (id);


--
-- TOC entry 4158 (class 2606 OID 25881)
-- Name: property_tours property_tours_confirmation_code_key; Type: CONSTRAINT; Schema: public; Owner: sagarroy
--

ALTER TABLE ONLY public.property_tours
    ADD CONSTRAINT property_tours_confirmation_code_key UNIQUE (confirmation_code);


--
-- TOC entry 4160 (class 2606 OID 25879)
-- Name: property_tours property_tours_pkey; Type: CONSTRAINT; Schema: public; Owner: sagarroy
--

ALTER TABLE ONLY public.property_tours
    ADD CONSTRAINT property_tours_pkey PRIMARY KEY (id);


--
-- TOC entry 4097 (class 2606 OID 17122)
-- Name: step_details step_details_pkey; Type: CONSTRAINT; Schema: public; Owner: sagarroy
--

ALTER TABLE ONLY public.step_details
    ADD CONSTRAINT step_details_pkey PRIMARY KEY (id);


--
-- TOC entry 4099 (class 2606 OID 17124)
-- Name: step_details step_details_step_id_detail_key_key; Type: CONSTRAINT; Schema: public; Owner: sagarroy
--

ALTER TABLE ONLY public.step_details
    ADD CONSTRAINT step_details_step_id_detail_key_key UNIQUE (step_id, detail_key);


--
-- TOC entry 4094 (class 2606 OID 17108)
-- Name: steps steps_pkey; Type: CONSTRAINT; Schema: public; Owner: sagarroy
--

ALTER TABLE ONLY public.steps
    ADD CONSTRAINT steps_pkey PRIMARY KEY (id);


--
-- TOC entry 4104 (class 2606 OID 17162)
-- Name: task_value task_value_pkey; Type: CONSTRAINT; Schema: public; Owner: sagarroy
--

ALTER TABLE ONLY public.task_value
    ADD CONSTRAINT task_value_pkey PRIMARY KEY (id);


--
-- TOC entry 4102 (class 2606 OID 17140)
-- Name: tasks tasks_pkey; Type: CONSTRAINT; Schema: public; Owner: sagarroy
--

ALTER TABLE ONLY public.tasks
    ADD CONSTRAINT tasks_pkey PRIMARY KEY (id);


--
-- TOC entry 4174 (class 2606 OID 26271)
-- Name: title_companies title_companies_pkey; Type: CONSTRAINT; Schema: public; Owner: sagarroy
--

ALTER TABLE ONLY public.title_companies
    ADD CONSTRAINT title_companies_pkey PRIMARY KEY (id);


--
-- TOC entry 4168 (class 2606 OID 25943)
-- Name: tour_availability tour_availability_pkey; Type: CONSTRAINT; Schema: public; Owner: sagarroy
--

ALTER TABLE ONLY public.tour_availability
    ADD CONSTRAINT tour_availability_pkey PRIMARY KEY (id);


--
-- TOC entry 4170 (class 2606 OID 25945)
-- Name: tour_availability tour_availability_property_id_available_date_start_time_key; Type: CONSTRAINT; Schema: public; Owner: sagarroy
--

ALTER TABLE ONLY public.tour_availability
    ADD CONSTRAINT tour_availability_property_id_available_date_start_time_key UNIQUE (property_id, available_date, start_time);


--
-- TOC entry 4164 (class 2606 OID 25925)
-- Name: tour_feedback tour_feedback_pkey; Type: CONSTRAINT; Schema: public; Owner: sagarroy
--

ALTER TABLE ONLY public.tour_feedback
    ADD CONSTRAINT tour_feedback_pkey PRIMARY KEY (id);


--
-- TOC entry 4166 (class 2606 OID 25927)
-- Name: tour_feedback tour_feedback_tour_id_key; Type: CONSTRAINT; Schema: public; Owner: sagarroy
--

ALTER TABLE ONLY public.tour_feedback
    ADD CONSTRAINT tour_feedback_tour_id_key UNIQUE (tour_id);


--
-- TOC entry 4162 (class 2606 OID 25907)
-- Name: tour_reminders tour_reminders_pkey; Type: CONSTRAINT; Schema: public; Owner: sagarroy
--

ALTER TABLE ONLY public.tour_reminders
    ADD CONSTRAINT tour_reminders_pkey PRIMARY KEY (id);


--
-- TOC entry 4215 (class 2606 OID 26486)
-- Name: transactions transactions_offer_id_key; Type: CONSTRAINT; Schema: public; Owner: sagarroy
--

ALTER TABLE ONLY public.transactions
    ADD CONSTRAINT transactions_offer_id_key UNIQUE (offer_id);


--
-- TOC entry 4217 (class 2606 OID 26484)
-- Name: transactions transactions_pkey; Type: CONSTRAINT; Schema: public; Owner: sagarroy
--

ALTER TABLE ONLY public.transactions
    ADD CONSTRAINT transactions_pkey PRIMARY KEY (id);


--
-- TOC entry 4176 (class 2606 OID 26273)
-- Name: title_companies unique_email; Type: CONSTRAINT; Schema: public; Owner: sagarroy
--

ALTER TABLE ONLY public.title_companies
    ADD CONSTRAINT unique_email UNIQUE (email);


--
-- TOC entry 4071 (class 2606 OID 16492)
-- Name: user_sessions user_sessions_pkey; Type: CONSTRAINT; Schema: public; Owner: sagarroy
--

ALTER TABLE ONLY public.user_sessions
    ADD CONSTRAINT user_sessions_pkey PRIMARY KEY (id);


--
-- TOC entry 4073 (class 2606 OID 16494)
-- Name: user_sessions user_sessions_session_token_key; Type: CONSTRAINT; Schema: public; Owner: sagarroy
--

ALTER TABLE ONLY public.user_sessions
    ADD CONSTRAINT user_sessions_session_token_key UNIQUE (session_token);


--
-- TOC entry 4075 (class 2606 OID 16496)
-- Name: users users_email_key; Type: CONSTRAINT; Schema: public; Owner: sagarroy
--

ALTER TABLE ONLY public.users
    ADD CONSTRAINT users_email_key UNIQUE (email);


--
-- TOC entry 4077 (class 2606 OID 16498)
-- Name: users users_pkey; Type: CONSTRAINT; Schema: public; Owner: sagarroy
--

ALTER TABLE ONLY public.users
    ADD CONSTRAINT users_pkey PRIMARY KEY (id);


--
-- TOC entry 4187 (class 2606 OID 26308)
-- Name: wire_confirmations wire_confirmations_pkey; Type: CONSTRAINT; Schema: public; Owner: sagarroy
--

ALTER TABLE ONLY public.wire_confirmations
    ADD CONSTRAINT wire_confirmations_pkey PRIMARY KEY (id);


--
-- TOC entry 4180 (class 2606 OID 26286)
-- Name: wire_instructions wire_instructions_pkey; Type: CONSTRAINT; Schema: public; Owner: sagarroy
--

ALTER TABLE ONLY public.wire_instructions
    ADD CONSTRAINT wire_instructions_pkey PRIMARY KEY (id);


--
-- TOC entry 4182 (class 2606 OID 26288)
-- Name: wire_instructions wire_instructions_transaction_id_key; Type: CONSTRAINT; Schema: public; Owner: sagarroy
--

ALTER TABLE ONLY public.wire_instructions
    ADD CONSTRAINT wire_instructions_transaction_id_key UNIQUE (transaction_id);


--
-- TOC entry 4142 (class 1259 OID 25840)
-- Name: idx_contracts_contract_id; Type: INDEX; Schema: public; Owner: sagarroy
--

CREATE INDEX idx_contracts_contract_id ON public.contracts USING btree (contract_id);


--
-- TOC entry 4143 (class 1259 OID 25839)
-- Name: idx_contracts_offers; Type: INDEX; Schema: public; Owner: sagarroy
--

CREATE INDEX idx_contracts_offers ON public.contracts USING btree (transactions_id);


--
-- TOC entry 4144 (class 1259 OID 25841)
-- Name: idx_contracts_status; Type: INDEX; Schema: public; Owner: sagarroy
--

CREATE INDEX idx_contracts_status ON public.contracts USING btree (status);


--
-- TOC entry 4083 (class 1259 OID 17082)
-- Name: idx_documents_transaction_id; Type: INDEX; Schema: public; Owner: sagarroy
--

CREATE INDEX idx_documents_transaction_id ON public.documents USING btree (transaction_id);


--
-- TOC entry 4203 (class 1259 OID 26397)
-- Name: idx_earnest_money_audit_action; Type: INDEX; Schema: public; Owner: sagarroy
--

CREATE INDEX idx_earnest_money_audit_action ON public.earnest_money_audit_logs USING btree (action);


--
-- TOC entry 4204 (class 1259 OID 26398)
-- Name: idx_earnest_money_audit_created; Type: INDEX; Schema: public; Owner: sagarroy
--

CREATE INDEX idx_earnest_money_audit_created ON public.earnest_money_audit_logs USING btree (created_at);


--
-- TOC entry 4205 (class 1259 OID 26395)
-- Name: idx_earnest_money_audit_transaction; Type: INDEX; Schema: public; Owner: sagarroy
--

CREATE INDEX idx_earnest_money_audit_transaction ON public.earnest_money_audit_logs USING btree (transaction_id);


--
-- TOC entry 4206 (class 1259 OID 26396)
-- Name: idx_earnest_money_audit_user; Type: INDEX; Schema: public; Owner: sagarroy
--

CREATE INDEX idx_earnest_money_audit_user ON public.earnest_money_audit_logs USING btree (user_id);


--
-- TOC entry 4198 (class 1259 OID 26378)
-- Name: idx_earnest_money_buyer; Type: INDEX; Schema: public; Owner: sagarroy
--

CREATE INDEX idx_earnest_money_buyer ON public.earnest_money_escrows USING btree (buyer_id);


--
-- TOC entry 4199 (class 1259 OID 26379)
-- Name: idx_earnest_money_status; Type: INDEX; Schema: public; Owner: sagarroy
--

CREATE INDEX idx_earnest_money_status ON public.earnest_money_escrows USING btree (status);


--
-- TOC entry 4200 (class 1259 OID 26377)
-- Name: idx_earnest_money_transaction; Type: INDEX; Schema: public; Owner: sagarroy
--

CREATE INDEX idx_earnest_money_transaction ON public.earnest_money_escrows USING btree (transaction_id);


--
-- TOC entry 4135 (class 1259 OID 25736)
-- Name: idx_esign_created_at; Type: INDEX; Schema: public; Owner: sagarroy
--

CREATE INDEX idx_esign_created_at ON public.esign_documents USING btree (created_at);


--
-- TOC entry 4136 (class 1259 OID 25735)
-- Name: idx_esign_status; Type: INDEX; Schema: public; Owner: sagarroy
--

CREATE INDEX idx_esign_status ON public.esign_documents USING btree (status);


--
-- TOC entry 4137 (class 1259 OID 25734)
-- Name: idx_esign_user_id; Type: INDEX; Schema: public; Owner: sagarroy
--

CREATE INDEX idx_esign_user_id ON public.esign_documents USING btree (user_id);


--
-- TOC entry 4049 (class 1259 OID 16499)
-- Name: idx_messages_property; Type: INDEX; Schema: public; Owner: sagarroy
--

CREATE INDEX idx_messages_property ON public.messages USING btree (property_id);


--
-- TOC entry 4050 (class 1259 OID 16500)
-- Name: idx_messages_recipient; Type: INDEX; Schema: public; Owner: sagarroy
--

CREATE INDEX idx_messages_recipient ON public.messages USING btree (recipient_id);


--
-- TOC entry 4078 (class 1259 OID 17081)
-- Name: idx_milestones_transaction_id; Type: INDEX; Schema: public; Owner: sagarroy
--

CREATE INDEX idx_milestones_transaction_id ON public.milestones USING btree (transaction_id);


--
-- TOC entry 4084 (class 1259 OID 17083)
-- Name: idx_notifications_user_id; Type: INDEX; Schema: public; Owner: sagarroy
--

CREATE INDEX idx_notifications_user_id ON public.notifications USING btree (user_id);


--
-- TOC entry 4148 (class 1259 OID 25865)
-- Name: idx_offer_contingencies_offer_id; Type: INDEX; Schema: public; Owner: sagarroy
--

CREATE INDEX idx_offer_contingencies_offer_id ON public.offer_contingencies USING btree (transactions_id);


--
-- TOC entry 4149 (class 1259 OID 25866)
-- Name: idx_offer_contingencies_user_id; Type: INDEX; Schema: public; Owner: sagarroy
--

CREATE INDEX idx_offer_contingencies_user_id ON public.offer_contingencies USING btree (user_id);


--
-- TOC entry 4053 (class 1259 OID 16501)
-- Name: idx_offers_buyer; Type: INDEX; Schema: public; Owner: sagarroy
--

CREATE INDEX idx_offers_buyer ON public.offers USING btree (buyer_id);


--
-- TOC entry 4054 (class 1259 OID 16502)
-- Name: idx_offers_property; Type: INDEX; Schema: public; Owner: sagarroy
--

CREATE INDEX idx_offers_property ON public.offers USING btree (property_id);


--
-- TOC entry 4055 (class 1259 OID 16503)
-- Name: idx_offers_status; Type: INDEX; Schema: public; Owner: sagarroy
--

CREATE INDEX idx_offers_status ON public.offers USING btree (status);


--
-- TOC entry 4188 (class 1259 OID 26346)
-- Name: idx_phone_verifications_transaction; Type: INDEX; Schema: public; Owner: sagarroy
--

CREATE INDEX idx_phone_verifications_transaction ON public.phone_verifications USING btree (transaction_id);


--
-- TOC entry 4189 (class 1259 OID 26347)
-- Name: idx_phone_verifications_user; Type: INDEX; Schema: public; Owner: sagarroy
--

CREATE INDEX idx_phone_verifications_user ON public.phone_verifications USING btree (user_id);


--
-- TOC entry 4067 (class 1259 OID 16504)
-- Name: idx_photos_property; Type: INDEX; Schema: public; Owner: sagarroy
--

CREATE INDEX idx_photos_property ON public.property_photos USING btree (property_id);


--
-- TOC entry 4058 (class 1259 OID 16505)
-- Name: idx_properties_bedrooms; Type: INDEX; Schema: public; Owner: sagarroy
--

CREATE INDEX idx_properties_bedrooms ON public.properties USING btree (bedrooms);


--
-- TOC entry 4059 (class 1259 OID 16506)
-- Name: idx_properties_city_state; Type: INDEX; Schema: public; Owner: sagarroy
--

CREATE INDEX idx_properties_city_state ON public.properties USING btree (city, state);


--
-- TOC entry 4060 (class 1259 OID 16507)
-- Name: idx_properties_condition; Type: INDEX; Schema: public; Owner: sagarroy
--

CREATE INDEX idx_properties_condition ON public.properties USING btree (property_condition);


--
-- TOC entry 4061 (class 1259 OID 16508)
-- Name: idx_properties_price; Type: INDEX; Schema: public; Owner: sagarroy
--

CREATE INDEX idx_properties_price ON public.properties USING btree (list_price);


--
-- TOC entry 4062 (class 1259 OID 16509)
-- Name: idx_properties_seller; Type: INDEX; Schema: public; Owner: sagarroy
--

CREATE INDEX idx_properties_seller ON public.properties USING btree (seller_id);


--
-- TOC entry 4063 (class 1259 OID 16510)
-- Name: idx_properties_status; Type: INDEX; Schema: public; Owner: sagarroy
--

CREATE INDEX idx_properties_status ON public.properties USING btree (status);


--
-- TOC entry 4064 (class 1259 OID 16511)
-- Name: idx_properties_type; Type: INDEX; Schema: public; Owner: sagarroy
--

CREATE INDEX idx_properties_type ON public.properties USING btree (property_type);


--
-- TOC entry 4147 (class 1259 OID 25842)
-- Name: idx_signatures_contract; Type: INDEX; Schema: public; Owner: sagarroy
--

CREATE INDEX idx_signatures_contract ON public.contract_signatures USING btree (contract_id);


--
-- TOC entry 4095 (class 1259 OID 17148)
-- Name: idx_step_details_step_id; Type: INDEX; Schema: public; Owner: sagarroy
--

CREATE INDEX idx_step_details_step_id ON public.step_details USING btree (step_id);


--
-- TOC entry 4091 (class 1259 OID 17146)
-- Name: idx_steps_phase_id; Type: INDEX; Schema: public; Owner: sagarroy
--

CREATE INDEX idx_steps_phase_id ON public.steps USING btree (phase_id);


--
-- TOC entry 4092 (class 1259 OID 17147)
-- Name: idx_steps_status; Type: INDEX; Schema: public; Owner: sagarroy
--

CREATE INDEX idx_steps_status ON public.steps USING btree (status);


--
-- TOC entry 4100 (class 1259 OID 17149)
-- Name: idx_tasks_step_id; Type: INDEX; Schema: public; Owner: sagarroy
--

CREATE INDEX idx_tasks_step_id ON public.tasks USING btree (step_id);


--
-- TOC entry 4171 (class 1259 OID 26274)
-- Name: idx_title_companies_active; Type: INDEX; Schema: public; Owner: sagarroy
--

CREATE INDEX idx_title_companies_active ON public.title_companies USING btree (active);


--
-- TOC entry 4172 (class 1259 OID 26275)
-- Name: idx_title_companies_city_state; Type: INDEX; Schema: public; Owner: sagarroy
--

CREATE INDEX idx_title_companies_city_state ON public.title_companies USING btree (city, state);


--
-- TOC entry 4152 (class 1259 OID 25895)
-- Name: idx_tours_buyer_email; Type: INDEX; Schema: public; Owner: sagarroy
--

CREATE INDEX idx_tours_buyer_email ON public.property_tours USING btree (buyer_email);


--
-- TOC entry 4153 (class 1259 OID 25896)
-- Name: idx_tours_confirmation_code; Type: INDEX; Schema: public; Owner: sagarroy
--

CREATE INDEX idx_tours_confirmation_code ON public.property_tours USING btree (confirmation_code);


--
-- TOC entry 4154 (class 1259 OID 25892)
-- Name: idx_tours_property_id; Type: INDEX; Schema: public; Owner: sagarroy
--

CREATE INDEX idx_tours_property_id ON public.property_tours USING btree (property_id);


--
-- TOC entry 4155 (class 1259 OID 25894)
-- Name: idx_tours_status; Type: INDEX; Schema: public; Owner: sagarroy
--

CREATE INDEX idx_tours_status ON public.property_tours USING btree (status);


--
-- TOC entry 4156 (class 1259 OID 25893)
-- Name: idx_tours_tour_date; Type: INDEX; Schema: public; Owner: sagarroy
--

CREATE INDEX idx_tours_tour_date ON public.property_tours USING btree (tour_date);


--
-- TOC entry 4207 (class 1259 OID 26514)
-- Name: idx_transactions_buyer; Type: INDEX; Schema: public; Owner: sagarroy
--

CREATE INDEX idx_transactions_buyer ON public.transactions USING btree (buyer_id);


--
-- TOC entry 4208 (class 1259 OID 26518)
-- Name: idx_transactions_created; Type: INDEX; Schema: public; Owner: sagarroy
--

CREATE INDEX idx_transactions_created ON public.transactions USING btree (created_at);


--
-- TOC entry 4209 (class 1259 OID 26517)
-- Name: idx_transactions_earnest_status; Type: INDEX; Schema: public; Owner: sagarroy
--

CREATE INDEX idx_transactions_earnest_status ON public.transactions USING btree (earnest_money_status);


--
-- TOC entry 4210 (class 1259 OID 26512)
-- Name: idx_transactions_offer; Type: INDEX; Schema: public; Owner: sagarroy
--

CREATE INDEX idx_transactions_offer ON public.transactions USING btree (offer_id);


--
-- TOC entry 4211 (class 1259 OID 26513)
-- Name: idx_transactions_property; Type: INDEX; Schema: public; Owner: sagarroy
--

CREATE INDEX idx_transactions_property ON public.transactions USING btree (property_id);


--
-- TOC entry 4212 (class 1259 OID 26515)
-- Name: idx_transactions_seller; Type: INDEX; Schema: public; Owner: sagarroy
--

CREATE INDEX idx_transactions_seller ON public.transactions USING btree (seller_id);


--
-- TOC entry 4213 (class 1259 OID 26516)
-- Name: idx_transactions_status; Type: INDEX; Schema: public; Owner: sagarroy
--

CREATE INDEX idx_transactions_status ON public.transactions USING btree (transaction_status);


--
-- TOC entry 4183 (class 1259 OID 26320)
-- Name: idx_wire_confirmations_status; Type: INDEX; Schema: public; Owner: sagarroy
--

CREATE INDEX idx_wire_confirmations_status ON public.wire_confirmations USING btree (status);


--
-- TOC entry 4184 (class 1259 OID 26319)
-- Name: idx_wire_confirmations_transaction; Type: INDEX; Schema: public; Owner: sagarroy
--

CREATE INDEX idx_wire_confirmations_transaction ON public.wire_confirmations USING btree (transaction_id);


--
-- TOC entry 4185 (class 1259 OID 26321)
-- Name: idx_wire_confirmations_uploaded_at; Type: INDEX; Schema: public; Owner: sagarroy
--

CREATE INDEX idx_wire_confirmations_uploaded_at ON public.wire_confirmations USING btree (uploaded_at);


--
-- TOC entry 4177 (class 1259 OID 26295)
-- Name: idx_wire_instructions_title_company; Type: INDEX; Schema: public; Owner: sagarroy
--

CREATE INDEX idx_wire_instructions_title_company ON public.wire_instructions USING btree (title_company_id);


--
-- TOC entry 4178 (class 1259 OID 26294)
-- Name: idx_wire_instructions_transaction; Type: INDEX; Schema: public; Owner: sagarroy
--

CREATE INDEX idx_wire_instructions_transaction ON public.wire_instructions USING btree (transaction_id);


--
-- TOC entry 4414 (class 2618 OID 16393)
-- Name: active_listings _RETURN; Type: RULE; Schema: public; Owner: sagarroy
--

CREATE OR REPLACE VIEW public.active_listings AS
 SELECT p.id,
    p.seller_id,
    p.street_address,
    p.city,
    p.state,
    p.zip_code,
    p.property_type,
    p.bedrooms,
    p.bathrooms,
    p.square_feet,
    p.lot_size,
    p.year_built,
    p.list_price,
    p.minimum_offer,
    p.property_tax_annual,
    p.hoa_fees_monthly,
    p.assessment_value,
    p.roof_year,
    p.roof_material,
    p.hvac_install_year,
    p.hvac_type,
    p.hvac_last_service,
    p.water_heater_year,
    p.water_heater_type,
    p.has_septic,
    p.septic_type,
    p.septic_last_pumped,
    p.has_solar,
    p.solar_type,
    p.solar_install_year,
    p.solar_monthly_savings,
    p.property_condition,
    p.major_repairs_needed,
    p.recent_renovations,
    p.electrical_panel_year,
    p.plumbing_updated_year,
    p.windows_replaced_year,
    p.garage_spaces,
    p.has_pool,
    p.has_fireplace,
    p.has_deck,
    p.has_basement,
    p.basement_finished,
    p.home_warranty_included,
    p.warranties_transferable,
    p.description,
    p.virtual_tour_url,
    p.allow_messages,
    p.minimum_offer_percent,
    p.status,
    p.listed_date,
    p.sold_date,
    p.sold_price,
    p.view_count,
    p.save_count,
    p.created_at,
    p.updated_at,
    u.first_name AS seller_first_name,
    u.last_name AS seller_last_name,
    u.email AS seller_email,
    u.phone AS seller_phone,
    count(DISTINCT o.id) AS offer_count,
    max(o.offer_amount) AS highest_offer
   FROM ((public.properties p
     JOIN public.users u ON ((p.seller_id = u.id)))
     LEFT JOIN public.offers o ON (((p.id = o.property_id) AND ((o.status)::text = 'pending'::text))))
  WHERE ((p.status)::text = 'active'::text)
  GROUP BY p.id, u.id;


--
-- TOC entry 4268 (class 2620 OID 17088)
-- Name: milestones update_milestones_updated_at; Type: TRIGGER; Schema: public; Owner: sagarroy
--

CREATE TRIGGER update_milestones_updated_at BEFORE UPDATE ON public.milestones FOR EACH ROW EXECUTE FUNCTION public.update_updated_at_column();


--
-- TOC entry 4265 (class 2620 OID 16513)
-- Name: offers update_offers_updated_at; Type: TRIGGER; Schema: public; Owner: sagarroy
--

CREATE TRIGGER update_offers_updated_at BEFORE UPDATE ON public.offers FOR EACH ROW EXECUTE FUNCTION public.update_updated_at_column();


--
-- TOC entry 4266 (class 2620 OID 16514)
-- Name: properties update_properties_updated_at; Type: TRIGGER; Schema: public; Owner: sagarroy
--

CREATE TRIGGER update_properties_updated_at BEFORE UPDATE ON public.properties FOR EACH ROW EXECUTE FUNCTION public.update_updated_at_column();


--
-- TOC entry 4267 (class 2620 OID 16515)
-- Name: users update_users_updated_at; Type: TRIGGER; Schema: public; Owner: sagarroy
--

CREATE TRIGGER update_users_updated_at BEFORE UPDATE ON public.users FOR EACH ROW EXECUTE FUNCTION public.update_updated_at_column();


--
-- TOC entry 4239 (class 2606 OID 25621)
-- Name: application_status_history application_status_history_application_id_fkey; Type: FK CONSTRAINT; Schema: public; Owner: sagarroy
--

ALTER TABLE ONLY public.application_status_history
    ADD CONSTRAINT application_status_history_application_id_fkey FOREIGN KEY (application_id) REFERENCES public.financial_applications(id) ON DELETE CASCADE;


--
-- TOC entry 4244 (class 2606 OID 25713)
-- Name: buyer_ratings buyer_ratings_user_id_fkey; Type: FK CONSTRAINT; Schema: public; Owner: sagarroy
--

ALTER TABLE ONLY public.buyer_ratings
    ADD CONSTRAINT buyer_ratings_user_id_fkey FOREIGN KEY (user_id) REFERENCES public.users(id) ON DELETE CASCADE;


--
-- TOC entry 4245 (class 2606 OID 25834)
-- Name: contract_signatures contract_signatures_contract_id_fkey; Type: FK CONSTRAINT; Schema: public; Owner: sagarroy
--

ALTER TABLE ONLY public.contract_signatures
    ADD CONSTRAINT contract_signatures_contract_id_fkey FOREIGN KEY (contract_id) REFERENCES public.contracts(id);


--
-- TOC entry 4241 (class 2606 OID 25654)
-- Name: credit_check_requests credit_check_requests_application_id_fkey; Type: FK CONSTRAINT; Schema: public; Owner: sagarroy
--

ALTER TABLE ONLY public.credit_check_requests
    ADD CONSTRAINT credit_check_requests_application_id_fkey FOREIGN KEY (application_id) REFERENCES public.financial_applications(id) ON DELETE CASCADE;


--
-- TOC entry 4242 (class 2606 OID 25679)
-- Name: credit_checks credit_checks_user_id_fkey; Type: FK CONSTRAINT; Schema: public; Owner: sagarroy
--

ALTER TABLE ONLY public.credit_checks
    ADD CONSTRAINT credit_checks_user_id_fkey FOREIGN KEY (user_id) REFERENCES public.users(id);


--
-- TOC entry 4228 (class 2606 OID 17046)
-- Name: documents documents_milestone_id_fkey; Type: FK CONSTRAINT; Schema: public; Owner: sagarroy
--

ALTER TABLE ONLY public.documents
    ADD CONSTRAINT documents_milestone_id_fkey FOREIGN KEY (milestone_id) REFERENCES public.milestones(id) ON DELETE SET NULL;


--
-- TOC entry 4229 (class 2606 OID 17051)
-- Name: documents documents_uploaded_by_fkey; Type: FK CONSTRAINT; Schema: public; Owner: sagarroy
--

ALTER TABLE ONLY public.documents
    ADD CONSTRAINT documents_uploaded_by_fkey FOREIGN KEY (uploaded_by) REFERENCES public.users(id);


--
-- TOC entry 4259 (class 2606 OID 26390)
-- Name: earnest_money_audit_logs earnest_money_audit_logs_user_id_fkey; Type: FK CONSTRAINT; Schema: public; Owner: sagarroy
--

ALTER TABLE ONLY public.earnest_money_audit_logs
    ADD CONSTRAINT earnest_money_audit_logs_user_id_fkey FOREIGN KEY (user_id) REFERENCES public.users(id);


--
-- TOC entry 4256 (class 2606 OID 26362)
-- Name: earnest_money_escrows earnest_money_escrows_buyer_id_fkey; Type: FK CONSTRAINT; Schema: public; Owner: sagarroy
--

ALTER TABLE ONLY public.earnest_money_escrows
    ADD CONSTRAINT earnest_money_escrows_buyer_id_fkey FOREIGN KEY (buyer_id) REFERENCES public.users(id);


--
-- TOC entry 4257 (class 2606 OID 26367)
-- Name: earnest_money_escrows earnest_money_escrows_escrow_holder_id_fkey; Type: FK CONSTRAINT; Schema: public; Owner: sagarroy
--

ALTER TABLE ONLY public.earnest_money_escrows
    ADD CONSTRAINT earnest_money_escrows_escrow_holder_id_fkey FOREIGN KEY (escrow_holder_id) REFERENCES public.users(id);


--
-- TOC entry 4258 (class 2606 OID 26372)
-- Name: earnest_money_escrows earnest_money_escrows_title_company_id_fkey; Type: FK CONSTRAINT; Schema: public; Owner: sagarroy
--

ALTER TABLE ONLY public.earnest_money_escrows
    ADD CONSTRAINT earnest_money_escrows_title_company_id_fkey FOREIGN KEY (title_company_id) REFERENCES public.title_companies(id);


--
-- TOC entry 4240 (class 2606 OID 25637)
-- Name: email_notifications email_notifications_application_id_fkey; Type: FK CONSTRAINT; Schema: public; Owner: sagarroy
--

ALTER TABLE ONLY public.email_notifications
    ADD CONSTRAINT email_notifications_application_id_fkey FOREIGN KEY (application_id) REFERENCES public.financial_applications(id) ON DELETE CASCADE;


--
-- TOC entry 4237 (class 2606 OID 25588)
-- Name: financial_applications financial_applications_user_id_fkey; Type: FK CONSTRAINT; Schema: public; Owner: sagarroy
--

ALTER TABLE ONLY public.financial_applications
    ADD CONSTRAINT financial_applications_user_id_fkey FOREIGN KEY (user_id) REFERENCES public.users(id) ON DELETE CASCADE;


--
-- TOC entry 4238 (class 2606 OID 25606)
-- Name: financial_documents financial_documents_application_id_fkey; Type: FK CONSTRAINT; Schema: public; Owner: sagarroy
--

ALTER TABLE ONLY public.financial_documents
    ADD CONSTRAINT financial_documents_application_id_fkey FOREIGN KEY (application_id) REFERENCES public.financial_applications(id) ON DELETE CASCADE;


--
-- TOC entry 4218 (class 2606 OID 16516)
-- Name: messages messages_offer_id_fkey; Type: FK CONSTRAINT; Schema: public; Owner: sagarroy
--

ALTER TABLE ONLY public.messages
    ADD CONSTRAINT messages_offer_id_fkey FOREIGN KEY (offer_id) REFERENCES public.offers(id) ON DELETE CASCADE;


--
-- TOC entry 4219 (class 2606 OID 16521)
-- Name: messages messages_parent_message_id_fkey; Type: FK CONSTRAINT; Schema: public; Owner: sagarroy
--

ALTER TABLE ONLY public.messages
    ADD CONSTRAINT messages_parent_message_id_fkey FOREIGN KEY (parent_message_id) REFERENCES public.messages(id);


--
-- TOC entry 4220 (class 2606 OID 16526)
-- Name: messages messages_property_id_fkey; Type: FK CONSTRAINT; Schema: public; Owner: sagarroy
--

ALTER TABLE ONLY public.messages
    ADD CONSTRAINT messages_property_id_fkey FOREIGN KEY (property_id) REFERENCES public.properties(id) ON DELETE CASCADE;


--
-- TOC entry 4221 (class 2606 OID 16531)
-- Name: messages messages_recipient_id_fkey; Type: FK CONSTRAINT; Schema: public; Owner: sagarroy
--

ALTER TABLE ONLY public.messages
    ADD CONSTRAINT messages_recipient_id_fkey FOREIGN KEY (recipient_id) REFERENCES public.users(id) ON DELETE CASCADE;


--
-- TOC entry 4222 (class 2606 OID 16536)
-- Name: messages messages_sender_id_fkey; Type: FK CONSTRAINT; Schema: public; Owner: sagarroy
--

ALTER TABLE ONLY public.messages
    ADD CONSTRAINT messages_sender_id_fkey FOREIGN KEY (sender_id) REFERENCES public.users(id) ON DELETE CASCADE;


--
-- TOC entry 4230 (class 2606 OID 17067)
-- Name: notifications notifications_user_id_fkey; Type: FK CONSTRAINT; Schema: public; Owner: sagarroy
--

ALTER TABLE ONLY public.notifications
    ADD CONSTRAINT notifications_user_id_fkey FOREIGN KEY (user_id) REFERENCES public.users(id) ON DELETE CASCADE;


--
-- TOC entry 4223 (class 2606 OID 16541)
-- Name: offers offers_buyer_id_fkey; Type: FK CONSTRAINT; Schema: public; Owner: sagarroy
--

ALTER TABLE ONLY public.offers
    ADD CONSTRAINT offers_buyer_id_fkey FOREIGN KEY (buyer_id) REFERENCES public.users(id) ON DELETE CASCADE;


--
-- TOC entry 4224 (class 2606 OID 16546)
-- Name: offers offers_property_id_fkey; Type: FK CONSTRAINT; Schema: public; Owner: sagarroy
--

ALTER TABLE ONLY public.offers
    ADD CONSTRAINT offers_property_id_fkey FOREIGN KEY (property_id) REFERENCES public.properties(id) ON DELETE CASCADE;


--
-- TOC entry 4254 (class 2606 OID 26341)
-- Name: phone_verifications phone_verifications_title_company_id_fkey; Type: FK CONSTRAINT; Schema: public; Owner: sagarroy
--

ALTER TABLE ONLY public.phone_verifications
    ADD CONSTRAINT phone_verifications_title_company_id_fkey FOREIGN KEY (title_company_id) REFERENCES public.title_companies(id);


--
-- TOC entry 4255 (class 2606 OID 26336)
-- Name: phone_verifications phone_verifications_user_id_fkey; Type: FK CONSTRAINT; Schema: public; Owner: sagarroy
--

ALTER TABLE ONLY public.phone_verifications
    ADD CONSTRAINT phone_verifications_user_id_fkey FOREIGN KEY (user_id) REFERENCES public.users(id);


--
-- TOC entry 4243 (class 2606 OID 25694)
-- Name: pre_approvals pre_approvals_user_id_fkey; Type: FK CONSTRAINT; Schema: public; Owner: sagarroy
--

ALTER TABLE ONLY public.pre_approvals
    ADD CONSTRAINT pre_approvals_user_id_fkey FOREIGN KEY (user_id) REFERENCES public.users(id) ON DELETE CASCADE;


--
-- TOC entry 4225 (class 2606 OID 16551)
-- Name: properties properties_seller_id_fkey; Type: FK CONSTRAINT; Schema: public; Owner: sagarroy
--

ALTER TABLE ONLY public.properties
    ADD CONSTRAINT properties_seller_id_fkey FOREIGN KEY (seller_id) REFERENCES public.users(id) ON DELETE CASCADE;


--
-- TOC entry 4226 (class 2606 OID 16556)
-- Name: property_photos property_photos_property_id_fkey; Type: FK CONSTRAINT; Schema: public; Owner: sagarroy
--

ALTER TABLE ONLY public.property_photos
    ADD CONSTRAINT property_photos_property_id_fkey FOREIGN KEY (property_id) REFERENCES public.properties(id) ON DELETE CASCADE;


--
-- TOC entry 4235 (class 2606 OID 17184)
-- Name: property_saved property_saved_buyer_id_fkey; Type: FK CONSTRAINT; Schema: public; Owner: sagarroy
--

ALTER TABLE ONLY public.property_saved
    ADD CONSTRAINT property_saved_buyer_id_fkey FOREIGN KEY (buyer_id) REFERENCES public.users(id) ON DELETE CASCADE;


--
-- TOC entry 4236 (class 2606 OID 17189)
-- Name: property_saved property_saved_property_id_fkey; Type: FK CONSTRAINT; Schema: public; Owner: sagarroy
--

ALTER TABLE ONLY public.property_saved
    ADD CONSTRAINT property_saved_property_id_fkey FOREIGN KEY (property_id) REFERENCES public.properties(id) ON DELETE CASCADE;


--
-- TOC entry 4246 (class 2606 OID 25887)
-- Name: property_tours property_tours_buyer_id_fkey; Type: FK CONSTRAINT; Schema: public; Owner: sagarroy
--

ALTER TABLE ONLY public.property_tours
    ADD CONSTRAINT property_tours_buyer_id_fkey FOREIGN KEY (buyer_id) REFERENCES public.users(id) ON DELETE SET NULL;


--
-- TOC entry 4247 (class 2606 OID 25882)
-- Name: property_tours property_tours_property_id_fkey; Type: FK CONSTRAINT; Schema: public; Owner: sagarroy
--

ALTER TABLE ONLY public.property_tours
    ADD CONSTRAINT property_tours_property_id_fkey FOREIGN KEY (property_id) REFERENCES public.properties(id) ON DELETE CASCADE;


--
-- TOC entry 4232 (class 2606 OID 17125)
-- Name: step_details step_details_step_id_fkey; Type: FK CONSTRAINT; Schema: public; Owner: sagarroy
--

ALTER TABLE ONLY public.step_details
    ADD CONSTRAINT step_details_step_id_fkey FOREIGN KEY (step_id) REFERENCES public.steps(id) ON DELETE CASCADE;


--
-- TOC entry 4231 (class 2606 OID 17109)
-- Name: steps steps_phase_id_fkey; Type: FK CONSTRAINT; Schema: public; Owner: sagarroy
--

ALTER TABLE ONLY public.steps
    ADD CONSTRAINT steps_phase_id_fkey FOREIGN KEY (phase_id) REFERENCES public.phases(id);


--
-- TOC entry 4234 (class 2606 OID 17165)
-- Name: task_value task_value_task_id_fkey; Type: FK CONSTRAINT; Schema: public; Owner: sagarroy
--

ALTER TABLE ONLY public.task_value
    ADD CONSTRAINT task_value_task_id_fkey FOREIGN KEY (task_id) REFERENCES public.tasks(id) ON DELETE CASCADE;


--
-- TOC entry 4233 (class 2606 OID 17141)
-- Name: tasks tasks_step_id_fkey; Type: FK CONSTRAINT; Schema: public; Owner: sagarroy
--

ALTER TABLE ONLY public.tasks
    ADD CONSTRAINT tasks_step_id_fkey FOREIGN KEY (step_id) REFERENCES public.steps(id) ON DELETE CASCADE;


--
-- TOC entry 4250 (class 2606 OID 25946)
-- Name: tour_availability tour_availability_property_id_fkey; Type: FK CONSTRAINT; Schema: public; Owner: sagarroy
--

ALTER TABLE ONLY public.tour_availability
    ADD CONSTRAINT tour_availability_property_id_fkey FOREIGN KEY (property_id) REFERENCES public.properties(id) ON DELETE CASCADE;


--
-- TOC entry 4249 (class 2606 OID 25928)
-- Name: tour_feedback tour_feedback_tour_id_fkey; Type: FK CONSTRAINT; Schema: public; Owner: sagarroy
--

ALTER TABLE ONLY public.tour_feedback
    ADD CONSTRAINT tour_feedback_tour_id_fkey FOREIGN KEY (tour_id) REFERENCES public.property_tours(id) ON DELETE CASCADE;


--
-- TOC entry 4248 (class 2606 OID 25908)
-- Name: tour_reminders tour_reminders_tour_id_fkey; Type: FK CONSTRAINT; Schema: public; Owner: sagarroy
--

ALTER TABLE ONLY public.tour_reminders
    ADD CONSTRAINT tour_reminders_tour_id_fkey FOREIGN KEY (tour_id) REFERENCES public.property_tours(id) ON DELETE CASCADE;


--
-- TOC entry 4260 (class 2606 OID 26497)
-- Name: transactions transactions_buyer_id_fkey; Type: FK CONSTRAINT; Schema: public; Owner: sagarroy
--

ALTER TABLE ONLY public.transactions
    ADD CONSTRAINT transactions_buyer_id_fkey FOREIGN KEY (buyer_id) REFERENCES public.users(id);


--
-- TOC entry 4261 (class 2606 OID 26487)
-- Name: transactions transactions_offer_id_fkey; Type: FK CONSTRAINT; Schema: public; Owner: sagarroy
--

ALTER TABLE ONLY public.transactions
    ADD CONSTRAINT transactions_offer_id_fkey FOREIGN KEY (offer_id) REFERENCES public.offers(id) ON DELETE CASCADE;


--
-- TOC entry 4262 (class 2606 OID 26492)
-- Name: transactions transactions_property_id_fkey; Type: FK CONSTRAINT; Schema: public; Owner: sagarroy
--

ALTER TABLE ONLY public.transactions
    ADD CONSTRAINT transactions_property_id_fkey FOREIGN KEY (property_id) REFERENCES public.properties(id) ON DELETE CASCADE;


--
-- TOC entry 4263 (class 2606 OID 26507)
-- Name: transactions transactions_selected_title_company_id_fkey; Type: FK CONSTRAINT; Schema: public; Owner: sagarroy
--

ALTER TABLE ONLY public.transactions
    ADD CONSTRAINT transactions_selected_title_company_id_fkey FOREIGN KEY (selected_title_company_id) REFERENCES public.title_companies(id);


--
-- TOC entry 4264 (class 2606 OID 26502)
-- Name: transactions transactions_seller_id_fkey; Type: FK CONSTRAINT; Schema: public; Owner: sagarroy
--

ALTER TABLE ONLY public.transactions
    ADD CONSTRAINT transactions_seller_id_fkey FOREIGN KEY (seller_id) REFERENCES public.users(id);


--
-- TOC entry 4227 (class 2606 OID 16561)
-- Name: user_sessions user_sessions_user_id_fkey; Type: FK CONSTRAINT; Schema: public; Owner: sagarroy
--

ALTER TABLE ONLY public.user_sessions
    ADD CONSTRAINT user_sessions_user_id_fkey FOREIGN KEY (user_id) REFERENCES public.users(id) ON DELETE CASCADE;


--
-- TOC entry 4252 (class 2606 OID 26309)
-- Name: wire_confirmations wire_confirmations_uploaded_by_fkey; Type: FK CONSTRAINT; Schema: public; Owner: sagarroy
--

ALTER TABLE ONLY public.wire_confirmations
    ADD CONSTRAINT wire_confirmations_uploaded_by_fkey FOREIGN KEY (uploaded_by) REFERENCES public.users(id);


--
-- TOC entry 4253 (class 2606 OID 26314)
-- Name: wire_confirmations wire_confirmations_verified_by_fkey; Type: FK CONSTRAINT; Schema: public; Owner: sagarroy
--

ALTER TABLE ONLY public.wire_confirmations
    ADD CONSTRAINT wire_confirmations_verified_by_fkey FOREIGN KEY (verified_by) REFERENCES public.users(id);


--
-- TOC entry 4251 (class 2606 OID 26289)
-- Name: wire_instructions wire_instructions_title_company_id_fkey; Type: FK CONSTRAINT; Schema: public; Owner: sagarroy
--

ALTER TABLE ONLY public.wire_instructions
    ADD CONSTRAINT wire_instructions_title_company_id_fkey FOREIGN KEY (title_company_id) REFERENCES public.title_companies(id);


-- Completed on 2025-11-02 00:26:26 +06

--
-- PostgreSQL database dump complete
--

